{"type": "FeatureCollection", "features": [{"type": "Feature", "properties": {"slug": "surkhet-barahatal", "municipality": "Barahatal", "district": "Surkhet"}, "geometry": {"type": "Polygon", "coordinates": [[[81.51773301400004, 28.785990396000045], [81.51388239000005, 28.786095396000064], [81.51171982700004, 28.784964271000035], [81.50892863900003, 28.78515520800005], [81.50676332700004, 28.785957583000027], [81.50406320200005, 28.78538558300005], [81.50147582700004, 28.78776408300007], [81.49880613900007, 28.792924583000058], [81.49273345100005, 28.79834558300007], [81.48955695100005, 28.797560770000075], [81.48078520200005, 28.793114021000065], [81.47852088900004, 28.791522520000058], [81.47663507600004, 28.788115770000047], [81.47300295200006, 28.784451146000038], [81.47207470100005, 28.78262245800005], [81.46913113900007, 28.782251458000076], [81.46237095200007, 28.785740083000064], [81.46005826400005, 28.78441914600006], [81.45907932600005, 28.782362645000035], [81.45716451400006, 28.781518645000062], [81.45891745200004, 28.77945283300005], [81.45888570200003, 28.777332271000034], [81.45618482600008, 28.774564208000072], [81.45257395100003, 28.776448895000044], [81.45079963900008, 28.776073583000027], [81.44745451400007, 28.77664870800004], [81.44670295200007, 28.77469970800007], [81.44466188900003, 28.774823708000042], [81.44097795100004, 28.776124020000054], [81.43519788900005, 28.776201396000033], [81.43184601400003, 28.777171020000026], [81.43010420200005, 28.77566045800006], [81.42829570200007, 28.773010833000058], [81.42408838900008, 28.77173364500004], [81.42230932600006, 28.76965908300008], [81.42171045200007, 28.767504145000032], [81.41922932600005, 28.764477458000044], [81.41789945200009, 28.763599458000044], [81.41534751400008, 28.76413295800006], [81.41539876400003, 28.762682145000042], [81.41405526400007, 28.76174320800004], [81.40894820100004, 28.761190270000043], [81.40607057600005, 28.76127114600007], [81.40518620100005, 28.76216720800005], [81.40005157700006, 28.75906677000006], [81.39767101400008, 28.759897333000026], [81.39569632700005, 28.759404520000032], [81.39557545100007, 28.758236208000028], [81.39286557700007, 28.75711158300004], [81.39168813900005, 28.757888833000038], [81.39022226400004, 28.756483021000065], [81.38864907600004, 28.756349896000074], [81.38706032600004, 28.75771489600004], [81.38486645100005, 28.758350646000054], [81.38166307700004, 28.756478145000074], [81.38360876400003, 28.754340583000044], [81.38177451400009, 28.75086689500006], [81.38124751400005, 28.74797833300005], [81.38235701400004, 28.74542583300007], [81.39021970200008, 28.742883396000025], [81.39350163900008, 28.742715958000076], [81.39863657700005, 28.74431164500004], [81.40227495200008, 28.746622396000078], [81.40551438900007, 28.746208895000052], [81.41134713900004, 28.743359895000026], [81.41191932700008, 28.740892208000048], [81.41088588900004, 28.738968645000057], [81.41120438900003, 28.73646345800006], [81.41307395100006, 28.734084333000055], [81.41781195100003, 28.73454127000008], [81.42450738900004, 28.73258252000005], [81.42495438900005, 28.73074239600004], [81.42427026400009, 28.729307333000065], [81.42213270200006, 28.727493396000057], [81.41670813900004, 28.725048833000074], [81.41305013900006, 28.72266177000006], [81.41090913900007, 28.72020914600006], [81.41022107600008, 28.718519208000032], [81.41076538900006, 28.715185271000053], [81.41168820200005, 28.713278333000062], [81.41492770200006, 28.70860733300003], [81.41800713900005, 28.70557464600006], [81.41996688900008, 28.702892896000037], [81.42010107700008, 28.70141245800005], [81.41777876400005, 28.701397083000074], [81.41535613900004, 28.702875520000077], [81.41240726400008, 28.70247845800003], [81.41078870200005, 28.699369958000034], [81.41076163900004, 28.69817202100006], [81.40831651400003, 28.69715958300003], [81.40408895100006, 28.697079833000032], [81.39864676400003, 28.695882208000057], [81.39251351400003, 28.692689708000046], [81.39074001400007, 28.691077208000024], [81.38995251400007, 28.689166270000044], [81.38874413900004, 28.68863052000006], [81.38248807700006, 28.690178020000076], [81.38047970100007, 28.689881333000073], [81.37809757600007, 28.68863364500004], [81.37540038900005, 28.689629333000028], [81.37045501400007, 28.69069202000003], [81.36561976400003, 28.69019077100006], [81.36372876400003, 28.69141645800005], [81.36226420200006, 28.693200458000035], [81.35799588900005, 28.694427833000077], [81.35327913900005, 28.692840646000036], [81.35283138900007, 28.689987833000032], [81.35311520200008, 28.68517027100006], [81.35472132700005, 28.68212708300007], [81.35398657600007, 28.679902208000044], [81.35492951400005, 28.67841977100005], [81.35362801400004, 28.676726520000045], [81.35169363900008, 28.675716333000025], [81.34955551400003, 28.67340258300004], [81.34921307700006, 28.670820208000066], [81.34712688900004, 28.66986452100008], [81.34526538900008, 28.66799439600004], [81.34010026400006, 28.66615514600005], [81.33862720100007, 28.664692396000078], [81.33745963900003, 28.66475845800005], [81.33303401400008, 28.66309314500006], [81.33152145200006, 28.664894958000048], [81.32813607600008, 28.664560271000028], [81.32482388800008, 28.66701389600007], [81.32285432600008, 28.667514958000027], [81.32350945200005, 28.663432083000032], [81.32261095200005, 28.661132958000053], [81.31980707700006, 28.657669645000055], [81.31830957600005, 28.654965833000063], [81.31804245100005, 28.652270395000073], [81.31593395200008, 28.651756395000064], [81.31417363900005, 28.652676520000057], [81.31197163900003, 28.651014333000035], [81.31262876300008, 28.647048770000026], [81.31541713800004, 28.645086208000066], [81.31649188900008, 28.643779708000068], [81.31791513900004, 28.640583896000066], [81.31712701400005, 28.639599833000034], [81.31754332600008, 28.63729308300003], [81.31867901300006, 28.636290958000075], [81.32218313900006, 28.636036770000032], [81.32608138900008, 28.635039208000023], [81.32838651400004, 28.633702521000032], [81.32939838900006, 28.632204271000035], [81.33875695100005, 28.629236958000035], [81.34165263900007, 28.62875139600004], [81.34247151400007, 28.627136146000055], [81.34389982700003, 28.62678733300004], [81.34833851400003, 28.62448377100003], [81.35202807700006, 28.624571271000036], [81.35509113900008, 28.62349839500007], [81.35851813900007, 28.62326827100003], [81.36068613900005, 28.623907708000047], [81.36426495200004, 28.62395239600005], [81.36811288900003, 28.62233558300005], [81.37171682600007, 28.619002458000068], [81.37226601400005, 28.61758183300003], [81.37566045200003, 28.616532395000036], [81.37807482700003, 28.614743333000035], [81.37830938900004, 28.61384477000007], [81.38108920100007, 28.61221027000005], [81.38444101400006, 28.611806020000074], [81.38806363900005, 28.61014645800003], [81.38966695200008, 28.610561458000063], [81.39349388900007, 28.609381770000027], [81.39611320100005, 28.60799339500005], [81.40258101400008, 28.606823708000036], [81.40302832600008, 28.605958271000077], [81.40212051400005, 28.60321295800003], [81.40654601400007, 28.599411708000048], [81.40869151400005, 28.598238896000055], [81.41164207600008, 28.595527082000046], [81.41562838900006, 28.59495764500008], [81.41856701400008, 28.59545852000008], [81.42100276400004, 28.593722770000056], [81.42212901400006, 28.590253833000077], [81.42668726400007, 28.587024583000073], [81.42458151400007, 28.58255052000004], [81.42350976400007, 28.581410021000067], [81.42546307600009, 28.57978170800004], [81.42608132600003, 28.57765445800004], [81.42792057700007, 28.57802545800007], [81.43190257700007, 28.57763383300005], [81.43361213900005, 28.575230083000065], [81.43461057700006, 28.57188552100007], [81.43507607700008, 28.567935833000035], [81.43421651400007, 28.566014083000027], [81.43511076400006, 28.563482082000064], [81.43640738900007, 28.561997895000047], [81.44069313900008, 28.558778145000076], [81.44404720100005, 28.55799995800004], [81.44542070200004, 28.555710083000065], [81.44711295100007, 28.55418839500004], [81.45052095200003, 28.55366264500003], [81.45493082700006, 28.552163458000052], [81.45760151400003, 28.553275770000027], [81.46148176400004, 28.55413352000005], [81.46530220200003, 28.554312270000025], [81.46814945100004, 28.553127021000023], [81.46917432600003, 28.550438645000042], [81.47085845200007, 28.548325583000064], [81.47408770200008, 28.548472270000048], [81.47488351400006, 28.54715870800004], [81.47599126400007, 28.541909270000076], [81.47786495100007, 28.539682646000074], [81.48052895100005, 28.53891745800007], [81.48532032700007, 28.539356145000056], [81.48789176400004, 28.539037833000066], [81.49041388900008, 28.53675227000008], [81.49036132600008, 28.535342395000043], [81.49341351400005, 28.53210958300008], [81.49723526400004, 28.533404208000036], [81.49911395100008, 28.53345145700007], [81.50285851400008, 28.530299333000073], [81.50504876400004, 28.529005208000058], [81.50753170200005, 28.528395833000047], [81.51044095100008, 28.525348145000066], [81.51326626400004, 28.52465614500005], [81.51443245200005, 28.522670833000063], [81.51349113900005, 28.52071383300006], [81.51682095200005, 28.514925395000034], [81.51797470200006, 28.513454582000065], [81.52181189000004, 28.511734270000034], [81.52567638900007, 28.511428332000037], [81.53110126400009, 28.509530083000072], [81.53428082700003, 28.51296277000006], [81.53897388900003, 28.516982708000057], [81.53815326500006, 28.52252252100004], [81.53909301400006, 28.52572027100007], [81.53747801400004, 28.530162270000062], [81.53835638900006, 28.53232920800008], [81.53781013900004, 28.53532070800003], [81.53809738900003, 28.53692145800005], [81.53962482700007, 28.53934527000007], [81.54106620200008, 28.544030020000037], [81.54272595200007, 28.546320146000028], [81.54219545200004, 28.547878957000023], [81.53987038900004, 28.54904339600006], [81.53896663900008, 28.55020664500006], [81.53972476400008, 28.553811145000054], [81.53915907700008, 28.555753708000054], [81.53961232700004, 28.55919245800004], [81.54132701400005, 28.559930270000052], [81.54213657700006, 28.56169802000005], [81.54351401400004, 28.562691958000073], [81.54581963900006, 28.567115958000045], [81.54792820100005, 28.569110958000067], [81.54834576400003, 28.571764708000046], [81.54781882600008, 28.573533395000027], [81.54792526400007, 28.576806583000064], [81.54670557700007, 28.578431395000052], [81.54448026400007, 28.579365333000055], [81.54021670100008, 28.579585458000054], [81.53783907600007, 28.58023339500005], [81.53671701400003, 28.581246271000055], [81.53493695200007, 28.584948833000055], [81.53607107700003, 28.586805645000027], [81.53897182600008, 28.588831457000026], [81.53861207700004, 28.591479332000063], [81.53973707600005, 28.595271896000042], [81.54306695200006, 28.598304333000044], [81.54405770200003, 28.601677771000027], [81.54692670100007, 28.604008083000053], [81.54828782600003, 28.606418895000047], [81.55029782600008, 28.60663633300004], [81.55281201400004, 28.608417458000076], [81.55618820200004, 28.610145396000064], [81.56406282700004, 28.61034752000006], [81.56698988900007, 28.610032957000044], [81.57102520100005, 28.61136970800004], [81.57406326400007, 28.61124408300003], [81.57796957700003, 28.610243833000027], [81.57864364000005, 28.611707395000053], [81.57813757700006, 28.613496395000027], [81.57852188900006, 28.615615458000036], [81.57793401400005, 28.617637208000076], [81.57930107700008, 28.620390583000074], [81.57930189000007, 28.622745957000063], [81.58066213900008, 28.625409082000033], [81.57779807600008, 28.62736833300005], [81.57422901400008, 28.628791333000038], [81.57150326400006, 28.630835583000078], [81.57106726500007, 28.631780458000037], [81.57152276400006, 28.63466633300004], [81.57363920200004, 28.639537333000078], [81.57808326400004, 28.644761645000074], [81.57765357700004, 28.646514145000026], [81.57799838900007, 28.649102708000044], [81.57962101400005, 28.65022833300003], [81.58185526400007, 28.652914708000026], [81.58497188900003, 28.654527958000074], [81.58622901400008, 28.655797208000024], [81.58894601500003, 28.660119395000038], [81.58651595100008, 28.66700877100004], [81.58584401500008, 28.670147583000073], [81.58629407700005, 28.673680895000075], [81.58950695100003, 28.67259533300006], [81.59165288900004, 28.673436520000052], [81.59332170100004, 28.67710214600004], [81.59354195200007, 28.679977646000054], [81.59193832600005, 28.68177595800006], [81.59222863900004, 28.684035333000054], [81.59311863900007, 28.68532414500004], [81.59555814000004, 28.68644370800007], [81.59839307700008, 28.686568833000024], [81.60039688900008, 28.687882020000075], [81.60489413900007, 28.688520770000025], [81.60911663900004, 28.68832814500007], [81.61336195200005, 28.689737020000052], [81.61590170100004, 28.689244958000074], [81.61805226400008, 28.689790146000064], [81.61609076400003, 28.692034833000037], [81.61141401400005, 28.694993458000056], [81.61012407600003, 28.696598833000053], [81.60837763900008, 28.701017395000065], [81.60618488900008, 28.704163083000026], [81.60237807700008, 28.70734989500005], [81.59602664000005, 28.70649814500007], [81.59219482700007, 28.70723014600003], [81.58873201400007, 28.70830333300006], [81.58739282700003, 28.707476646000032], [81.58383663900008, 28.70949095800006], [81.58107257600005, 28.71026539500008], [81.57856820200004, 28.71208777100003], [81.57697751400008, 28.71240133300006], [81.57483707700004, 28.718077708000067], [81.57081507700008, 28.719732646000068], [81.56528595200007, 28.72290533300003], [81.56397157700007, 28.72421033300003], [81.56258076400007, 28.72737008300004], [81.56062270200005, 28.729645583000035], [81.56197532700008, 28.732243458000028], [81.56219820200005, 28.733954895000068], [81.56065582700006, 28.736934833000078], [81.55884445200007, 28.736748271000067], [81.55328651500008, 28.737854020000043], [81.55164607700004, 28.738783458000057], [81.55033982600008, 28.740604958000063], [81.54906988900007, 28.746557083000027], [81.54826657600006, 28.748987895000027], [81.54284720200008, 28.748317145000044], [81.53187863900007, 28.748976646000074], [81.52411045200006, 28.748170020000032], [81.52148338900008, 28.750039145000073], [81.52279326400003, 28.751644895000027], [81.53046188900004, 28.755109708000077], [81.53341201400008, 28.757142083000076], [81.53681713900005, 28.761002271000052], [81.53609238900003, 28.763852271000076], [81.53307413900006, 28.767483020000043], [81.53028951500005, 28.77368227000005], [81.52897201400003, 28.774948583000025], [81.52682882700003, 28.775751083000046], [81.52145651400008, 28.776295333000064], [81.51877288900005, 28.77773383300007], [81.51723520200005, 28.78034989500003], [81.51773301400004, 28.785990396000045]]]}}, {"type": "Feature", "properties": {"slug": "surkhet-lekhbesi", "municipality": "Lekhbesi", "district": "Surkhet"}, "geometry": {"type": "Polygon", "coordinates": [[[81.74827814000008, 28.598173458000076], [81.74686251400004, 28.59645533300005], [81.74177570100005, 28.59395420800007], [81.73731895200007, 28.59369877100005], [81.73591207600003, 28.595585708000044], [81.73769413900004, 28.598008083000025], [81.74339757700005, 28.600296145000073], [81.74340263900007, 28.60174002000008], [81.73705476400005, 28.60300195800005], [81.73313976400004, 28.605617645000052], [81.73251101400007, 28.607674083000063], [81.72914076500007, 28.611929145000033], [81.72833051400005, 28.615297270000042], [81.72629870100008, 28.616086521000057], [81.72054313900009, 28.615490083000054], [81.71920438900008, 28.616859833000035], [81.71537607600004, 28.617322270000045], [81.71309657700004, 28.616837958000076], [81.71158020200005, 28.615205771000035], [81.70941670200006, 28.61656620800005], [81.70818895100007, 28.61840458300003], [81.70654976400004, 28.619040333000044], [81.70309470200004, 28.618169395000052], [81.69910745200008, 28.618393083000058], [81.69610438900008, 28.61790764600005], [81.69310763900006, 28.61896758300003], [81.69199670200004, 28.620146396000052], [81.68974445200007, 28.620692520000034], [81.68716413900006, 28.620243207000044], [81.68559895200008, 28.618920020000076], [81.68070395200004, 28.620438208000053], [81.67908576500008, 28.620193646000075], [81.67531745200006, 28.615592021000055], [81.67489051400008, 28.61419989500007], [81.67569282700003, 28.61052077000005], [81.67554113900007, 28.606595895000055], [81.67452013900004, 28.605157146000067], [81.67229582700008, 28.60001520800006], [81.67178632700006, 28.59427370800006], [81.67184064000008, 28.589650833000064], [81.67322239000003, 28.58695689500007], [81.67387289000004, 28.58274152100006], [81.67415882700004, 28.57837914600003], [81.67270507700005, 28.576766520000035], [81.66973501400008, 28.57039420800004], [81.66908407700004, 28.564759458000026], [81.67057851500005, 28.56275089500008], [81.67402739000005, 28.556658146000075], [81.67592313900008, 28.554595645000063], [81.67606682700006, 28.552090708000037], [81.67877632700004, 28.545852583000055], [81.67770389000003, 28.543270208000024], [81.67971132700006, 28.539458583000055], [81.68004551500007, 28.53688958300006], [81.67975988900008, 28.532690083000034], [81.68066607700007, 28.52858164500003], [81.67941245200007, 28.525528708000024], [81.67654014000004, 28.522086583000032], [81.67437707700003, 28.520685083000046], [81.66978607700008, 28.516561083000056], [81.67936864000006, 28.513806146000036], [81.68174357600003, 28.51242483300007], [81.68691220200003, 28.510244208000074], [81.69215001400005, 28.509290333000024], [81.69510745200006, 28.509442208000053], [81.69736126500004, 28.51045720700006], [81.70006520200008, 28.515519520000055], [81.70175345200005, 28.516932145000055], [81.70358957700006, 28.51743708300006], [81.70650820200007, 28.51707902000004], [81.70833370200006, 28.51578802100005], [81.71142076400008, 28.512662958000078], [81.71296995200004, 28.511808833000032], [81.72077057700005, 28.509518333000074], [81.72652307700008, 28.506861645000072], [81.73091438900008, 28.505385145000048], [81.73284220200009, 28.502067270000055], [81.73178845200005, 28.500001895000025], [81.73475932700006, 28.496944582000026], [81.73662926400004, 28.495725270000037], [81.74029295200006, 28.49519102000005], [81.74267495100008, 28.496439146000057], [81.74508107700007, 28.496850083000027], [81.74699245200003, 28.496451583000066], [81.75024557700004, 28.49447989500004], [81.75107720200003, 28.492715521000036], [81.75117595200004, 28.490077583000073], [81.75030707700006, 28.48647264500005], [81.75130595200005, 28.483906458000035], [81.75485576400007, 28.48053870800004], [81.75691439000008, 28.481677895000075], [81.75720964000004, 28.48395720700006], [81.76133876400007, 28.48162839500003], [81.76343263900003, 28.48108645800005], [81.76723826400007, 28.477757583000027], [81.76818051500004, 28.47582333300005], [81.76855363900006, 28.473400395000056], [81.76988057700004, 28.471527146000028], [81.77186289000008, 28.470162208000033], [81.77858607600007, 28.467946708000056], [81.77930082700004, 28.466620583000065], [81.77918907700007, 28.463751520000073], [81.77966357700006, 28.459516333000067], [81.78381326500005, 28.457148395000047], [81.78639851400004, 28.454699082000047], [81.78912170200005, 28.453819270000054], [81.79168395200008, 28.45446995800006], [81.79815707700004, 28.454247145000068], [81.80587632700008, 28.45314577000005], [81.81072732700005, 28.450709707000044], [81.81371470200008, 28.455695896000066], [81.81492945200006, 28.459557833000076], [81.81608632700005, 28.461010583000075], [81.81691964000004, 28.463719645000026], [81.81862707700003, 28.465638332000026], [81.81984976400008, 28.468239020000055], [81.82046382700008, 28.471213332000048], [81.82057632700008, 28.478251646000047], [81.82173788900008, 28.483088458000054], [81.82342414000004, 28.48747533200003], [81.82551457700004, 28.490871583000057], [81.82750301400006, 28.49509189500003], [81.83147757700004, 28.499015770000028], [81.82947195200006, 28.50226095800008], [81.82943726500008, 28.504607521000025], [81.83076926500007, 28.507708208000054], [81.83353938900007, 28.511052833000065], [81.83489213900003, 28.514248145000067], [81.83301089000008, 28.516362333000075], [81.83390695200006, 28.519858271000032], [81.83377776500004, 28.52284839500004], [81.83524932700004, 28.523836458000062], [81.83663095200006, 28.526537458000064], [81.84021545200005, 28.530292020000047], [81.84615713900007, 28.530376958000033], [81.85074026500007, 28.533551895000073], [81.84542901400005, 28.537571521000075], [81.83912963900008, 28.53988245800008], [81.83803982700005, 28.540823208000063], [81.83634213900007, 28.543989896000028], [81.83509820200004, 28.545407583000042], [81.83312807700008, 28.546286020000025], [81.83082326500005, 28.548226770000042], [81.82954676500003, 28.550562833000072], [81.82570051400006, 28.553670332000024], [81.82307782700008, 28.55518877000003], [81.81909426500005, 28.560663521000038], [81.81896220200008, 28.56266770700006], [81.81746326500007, 28.56562983300006], [81.81684582700007, 28.568489770000042], [81.81175832700006, 28.573420458000044], [81.81074132700007, 28.575359958000035], [81.80864638900005, 28.57730589600004], [81.80745420200003, 28.579413395000074], [81.80714995200003, 28.581244895000054], [81.80373801400003, 28.58009883300008], [81.80331045200006, 28.57656152000004], [81.80074982700006, 28.576265333000038], [81.79920276500008, 28.57430039600007], [81.79709039000005, 28.57269295800006], [81.79353201400005, 28.576075333000063], [81.79209270200005, 28.57892414500003], [81.79047826400006, 28.580341333000035], [81.78805857700007, 28.579152958000066], [81.78528320200007, 28.578762958000027], [81.78379264000006, 28.577413395000065], [81.78302070200004, 28.573948020000046], [81.78018882700007, 28.572985208000034], [81.77899826400005, 28.571748958000057], [81.77852789000008, 28.569910708000066], [81.77650470200007, 28.568115270000078], [81.77422838900003, 28.56752133300006], [81.77294795200004, 28.568137771000067], [81.77162614000008, 28.570245708000073], [81.76792488900008, 28.56980870800004], [81.76590176400003, 28.57118502000003], [81.76427070200003, 28.57067308300003], [81.76238095200006, 28.571762145000037], [81.76192357700006, 28.575234520000038], [81.76020663900005, 28.579402083000048], [81.75856070200007, 28.581545521000066], [81.75804139000007, 28.583258458000046], [81.75413295200008, 28.588785146000077], [81.75424763900008, 28.591597770000078], [81.75380632700006, 28.594059333000075], [81.75448026400005, 28.595271645000025], [81.75171289000008, 28.597576896000078], [81.74929264000008, 28.59721802000007], [81.74827814000008, 28.598173458000076]]]}}, {"type": "Feature", "properties": {"slug": "humla-simkot", "municipality": "Simkot", "district": "Humla"}, "geometry": {"type": "Polygon", "coordinates": [[[82.09851089000006, 30.349708022000073], [82.09646764000007, 30.349959709000075], [82.09340145300007, 30.351643085000035], [82.09181920200007, 30.353893647000064], [82.09150251500006, 30.355578772000058], [82.08721289000005, 30.35920283400003], [82.08355670300006, 30.359905335000064], [82.07528863900006, 30.358728647000078], [82.07148851500006, 30.35625633500007], [82.06960270300004, 30.356952897000042], [82.06779439000007, 30.355388960000028], [82.06632882800005, 30.351007397000046], [82.06720476500004, 30.34730820900006], [82.06150707800003, 30.344733835000056], [82.06107114000008, 30.34162489700003], [82.05845607700007, 30.340139460000046], [82.05850082700005, 30.33704927200006], [82.05788145200006, 30.33362608400006], [82.05183801400005, 30.336543647000042], [82.04558395300006, 30.339931834000026], [82.04325351400007, 30.34092477200005], [82.04050701500006, 30.341059397000038], [82.03427682700004, 30.33775733500005], [82.03237763900006, 30.33766408400004], [82.02904164000006, 30.340234460000033], [82.02460876400005, 30.34236902200007], [82.02309595300005, 30.344489709000072], [82.01786976500006, 30.34412902200006], [82.01325507700005, 30.34266727200003], [82.01339926400004, 30.33709752200008], [82.01452657700008, 30.33256896000006], [82.01378957700007, 30.32999452200005], [82.01008695200005, 30.329926147000037], [82.00591132800008, 30.328160772000047], [81.99999976500004, 30.320711334000066], [81.99752814000004, 30.32066483500006], [81.99562445200007, 30.32228071000003], [81.99054882700005, 30.320799022000074], [81.98922726500007, 30.321099959000037], [81.98931595200008, 30.32295102200004], [81.98855526400007, 30.325579834000052], [81.98552001500008, 30.327102585000034], [81.98424564000004, 30.329403709000076], [81.97851595300006, 30.32989327200005], [81.97585957700005, 30.330776959000048], [81.97529589000004, 30.33286289700004], [81.97107501500005, 30.33786302200008], [81.96534651400003, 30.338931647000038], [81.95883270200005, 30.34107483400004], [81.95942657700004, 30.34243727200004], [81.96301926500007, 30.344844522000074], [81.96437432700003, 30.34711696000005], [81.96406014000007, 30.350818209000067], [81.96182420200006, 30.353275022000048], [81.95735376400006, 30.35363714700003], [81.95299057700004, 30.356610084000067], [81.95118576500005, 30.358982397000034], [81.94795720300004, 30.357208272000037], [81.94647770300008, 30.34961370900004], [81.94095513900004, 30.347504147000052], [81.93493039000003, 30.347865397000078], [81.92911564000008, 30.349057147000053], [81.92526532700003, 30.34898971000007], [81.92221695300003, 30.350950960000034], [81.92089382700004, 30.35116320900005], [81.91800332700006, 30.34999946000005], [81.91604820200007, 30.350128272000063], [81.91360789000004, 30.351295522000044], [81.91140076500005, 30.353708459000075], [81.90614026500003, 30.353307459000064], [81.90263151400006, 30.354405335000024], [81.89751351500007, 30.356867459000057], [81.89394170200006, 30.357494084000052], [81.89026239000003, 30.36090464700004], [81.88617382700005, 30.360424959000056], [81.88400639000008, 30.360832084000037], [81.88058114000006, 30.36520821000005], [81.87638776400007, 30.363048585000058], [81.87373970300007, 30.362367147000043], [81.87099570200007, 30.357387397000025], [81.87046514000008, 30.35555721000003], [81.86587314000008, 30.348810085000025], [81.86641401400004, 30.346224022000058], [81.87159745200006, 30.341507272000058], [81.87386576500006, 30.340630522000026], [81.87704239000004, 30.340149147000034], [81.87809501500004, 30.335493584000062], [81.87874245200004, 30.334102147000067], [81.88267326400006, 30.331407460000037], [81.88357576400006, 30.329400772000042], [81.88532920300008, 30.32748308500004], [81.88885370300005, 30.326128460000064], [81.88993770200005, 30.322719834000054], [81.88871370200008, 30.318900647000078], [81.88694826500006, 30.317581897000025], [81.88327532700004, 30.31606177200007], [81.88173289000008, 30.31474145900006], [81.88077813900009, 30.30944533400003], [81.88070320200006, 30.307165522000048], [81.87983389000004, 30.305155022000065], [81.87945020300003, 30.300098585000057], [81.87791851500003, 30.297623334000036], [81.87581726400003, 30.29670371000003], [81.87438095200008, 30.295069022000064], [81.87474226400008, 30.293018647000054], [81.87366045200008, 30.288850959000058], [81.87481932700007, 30.286770397000055], [81.87717551500003, 30.285108209000043], [81.88128570200007, 30.28408139700008], [81.88246332700004, 30.282589397000038], [81.88352057700007, 30.27984864700005], [81.88521132700004, 30.277051710000023], [81.88657182700007, 30.276404209000077], [81.88852326400007, 30.273711460000072], [81.88889526400004, 30.27029639700004], [81.88576188900004, 30.267459960000053], [81.88604401500004, 30.265813834000028], [81.88807982700007, 30.26363702200007], [81.88744076500006, 30.261270834000072], [81.88763082700007, 30.258865209000078], [81.88886132700003, 30.256495397000037], [81.88938745200005, 30.25339958400008], [81.88747132800006, 30.25000452200004], [81.89117651500004, 30.24796070900004], [81.89124057700008, 30.24656189700005], [81.88869339000007, 30.24347339700006], [81.88712701400004, 30.242263772000058], [81.88942463900008, 30.23884920900008], [81.89310832700005, 30.23598902200007], [81.89603445300008, 30.23052877200007], [81.89273945200006, 30.227650710000034], [81.88821007800004, 30.22540570900003], [81.88707570200006, 30.224468272000024], [81.88165088900007, 30.222407334000025], [81.87864145200007, 30.220972834000065], [81.87771026500008, 30.219580585000074], [81.87791689000005, 30.214696084000025], [81.87918157700005, 30.21322377200005], [81.88182776500008, 30.21174220900008], [81.88176351500005, 30.208172147000028], [81.88276176500005, 30.20610614700007], [81.88506395200005, 30.203859959000056], [81.88867989000005, 30.202617522000025], [81.89012295200007, 30.199858334000055], [81.88803907700003, 30.198485334000054], [81.88818176500007, 30.19681077200005], [81.88985901400008, 30.193465772000025], [81.88893420200003, 30.189806834000024], [81.88997839000007, 30.183791146000033], [81.88805364000007, 30.18007358400007], [81.88812226500005, 30.177456710000058], [81.89173226400004, 30.176299959000062], [81.89509295200008, 30.17580339700004], [81.89496820200003, 30.17219545900008], [81.89592795200008, 30.170102584000063], [81.89629507700005, 30.165054522000048], [81.89715088900005, 30.16289464600004], [81.89728264000007, 30.15887895900005], [81.89581570200005, 30.157113897000045], [81.89512645200006, 30.154804460000037], [81.90012082700008, 30.14935702200006], [81.90209832700003, 30.14627371000006], [81.90224351400008, 30.144903647000035], [81.90117920200004, 30.138448897000046], [81.90135151500004, 30.135917022000058], [81.90383976500004, 30.13225283400004], [81.90498539000004, 30.129752522000047], [81.90758570200006, 30.12707983400003], [81.91061720300007, 30.125254522000034], [81.91651714000005, 30.119856522000077], [81.91719520200007, 30.117424897000035], [81.91877432700005, 30.115429022000058], [81.92292651500009, 30.115041271000052], [81.92306357800004, 30.11220733400006], [81.92402682700003, 30.108307584000045], [81.92585607700005, 30.104092647000073], [81.92680489000008, 30.100409459000048], [81.92827864000003, 30.098840522000046], [81.92848339000005, 30.09632639700004], [81.92812801500008, 30.092023147000077], [81.92850051500005, 30.089970272000073], [81.92613701400006, 30.085243584000068], [81.92431182800004, 30.079967210000063], [81.92156051400008, 30.077293397000062], [81.91886851500004, 30.075688272000036], [81.91808189000005, 30.074617897000053], [81.91572007800005, 30.073508897000067], [81.90995864000007, 30.071791834000067], [81.90405120300005, 30.070747647000076], [81.90133195200008, 30.07087908400007], [81.89635713900003, 30.070222960000024], [81.89044057700005, 30.07052702200008], [81.88728895200006, 30.070954335000067], [81.88552632700004, 30.068142272000046], [81.88371732800005, 30.066880084000047], [81.87930782700005, 30.06193164700005], [81.87655457700004, 30.057585585000027], [81.87680432700006, 30.055770460000076], [81.87544070200005, 30.05440814600007], [81.87336026400004, 30.050605585000028], [81.87447982700007, 30.04707496000003], [81.87564926500005, 30.044800397000074], [81.87501357800005, 30.043491897000024], [81.86970426500005, 30.037982896000074], [81.86533026500007, 30.03688627200006], [81.86026739000005, 30.033991709000077], [81.85742651500004, 30.031326147000073], [81.85870339000007, 30.03013814700006], [81.85905732700007, 30.027821584000037], [81.85817920200003, 30.02601389700004], [81.85453007700005, 30.02337383400004], [81.85287038900003, 30.022836522000034], [81.85231338900007, 30.02120483500005], [81.84634588900008, 30.01328120900007], [81.84517063900006, 30.012305334000075], [81.84305345200005, 30.012197084000036], [81.83855039000008, 30.008531210000058], [81.83562763900005, 30.00753927200003], [81.83013945200008, 30.00673270900006], [81.82613439000005, 30.006787209000038], [81.82330982700006, 30.00573352200007], [81.81812463900008, 30.01017327200003], [81.81723895200008, 30.012233585000047], [81.81688464000007, 30.016122147000033], [81.81455201500006, 30.018838772000038], [81.81127895200007, 30.020986022000045], [81.80991651400007, 30.02278758400007], [81.80770370200008, 30.023534272000063], [81.80377832700003, 30.02808070900005], [81.80011570200008, 30.02787070900007], [81.79609557700007, 30.03004014700008], [81.79403476400006, 30.03159770900004], [81.79156770200007, 30.03169827100004], [81.78694307700005, 30.03361620900006], [81.78252482700003, 30.036649272000034], [81.78036982700007, 30.03880708400004], [81.77792876400008, 30.04217333400004], [81.77667088900006, 30.045530272000065], [81.77687457700006, 30.046300521000035], [81.78203495200006, 30.049705209000024], [81.78264432700007, 30.05184889700007], [81.78157070200007, 30.053402584000025], [81.77772845200008, 30.054456147000053], [81.77498120100006, 30.05670539700003], [81.77503939000007, 30.06417777200005], [81.77437107700007, 30.067100459000073], [81.77221532700008, 30.06926039700005], [81.76965201400003, 30.069791959000042], [81.76711507700008, 30.076269022000076], [81.76335295200005, 30.074549647000026], [81.76093845200006, 30.072607959000038], [81.75781632700006, 30.072574209000038], [81.75400670200008, 30.073789334000026], [81.74785438900005, 30.072762084000033], [81.74393863900008, 30.07099558500005], [81.73917651400006, 30.070731521000027], [81.73657376400007, 30.070958147000056], [81.73573857700006, 30.069719959000054], [81.74035157700007, 30.066678397000032], [81.74382101400005, 30.06540920900005], [81.74675363900008, 30.06337383500005], [81.74848388900006, 30.06147158400006], [81.75226720100005, 30.059147022000047], [81.75372370200006, 30.056977896000035], [81.75464651500005, 30.054290647000073], [81.75472014000007, 30.052377584000055], [81.75625963900006, 30.05040858500007], [81.75748776400008, 30.044155772000067], [81.75875639000003, 30.042305647000035], [81.75828620200008, 30.04021739700005], [81.75982089000007, 30.037740959000075], [81.75941107700004, 30.03644408400004], [81.75490632700007, 30.03127539700006], [81.75108795200003, 30.027954459000057], [81.75275501500005, 30.026693084000044], [81.75575876400006, 30.02557964700003], [81.75736551400007, 30.02356295900006], [81.75623520200008, 30.020391334000067], [81.75709676400004, 30.016761647000067], [81.76085013900007, 30.01169870900003], [81.76122845200007, 30.010575521000078], [81.75784807700006, 30.01032208500004], [81.75574520200007, 30.009436459000028], [81.74697451400004, 30.011571710000055], [81.74338214000005, 30.010460959000056], [81.74319182700003, 30.00909064700005], [81.74461051400004, 30.006617272000028], [81.74119607700004, 30.005337272000077], [81.73942589000006, 30.00401645900007], [81.73698101400004, 30.003976022000074], [81.73087801500003, 30.001903397000035], [81.72842045200008, 30.00287102200008], [81.72513926500005, 30.005525959000067], [81.72350220200008, 30.005553022000072], [81.72210488900004, 30.003354709000064], [81.72157588900006, 30.000005772000065], [81.72008470200007, 29.996626021000054], [81.71715814000004, 29.992284147000078], [81.71527295200008, 29.991114647000074], [81.71108963900008, 29.987264460000063], [81.71090464000008, 29.98239333400005], [81.70804145200003, 29.98020052100003], [81.70619157700008, 29.979664584000034], [81.70600013900008, 29.97595502100006], [81.70678001500005, 29.972562959000072], [81.70457738900006, 29.969665022000072], [81.70505470200004, 29.96773845900003], [81.70237557700005, 29.96244302200006], [81.70037363900008, 29.96086120900003], [81.69795039000007, 29.960341709000033], [81.69492582700008, 29.961907334000045], [81.69162920200006, 29.96263970900003], [81.68780676500006, 29.962449959000026], [81.68614513900008, 29.95644958500003], [81.68665313900004, 29.951401084000054], [81.68916345200006, 29.94928345900007], [81.69425657700003, 29.945471834000045], [81.69864870200007, 29.942674147000048], [81.69974057600007, 29.941488709000055], [81.70080489000009, 29.938688271000046], [81.69930738900007, 29.933995522000032], [81.69928738900006, 29.931500896000045], [81.70085932700005, 29.93066470900004], [81.70830889000007, 29.927931585000067], [81.71066670200008, 29.927463334000038], [81.71169145200008, 29.926350272000036], [81.71136357700004, 29.923304709000035], [81.71168832700005, 29.919817959000056], [81.71242851500006, 29.917571897000073], [81.71258913900004, 29.91431383400004], [81.71801720100007, 29.909371647000057], [81.71863951400007, 29.910040396000056], [81.72339813900004, 29.91160014600007], [81.72873057700008, 29.912288084000068], [81.73313970200007, 29.910813271000052], [81.73424326400004, 29.90850183400005], [81.73575445200004, 29.907767147000072], [81.74007032700007, 29.90834520900006], [81.74441895200005, 29.907312459000025], [81.74660888900007, 29.908459522000044], [81.74999982700007, 29.908079335000025], [81.75280163900004, 29.909067209000057], [81.75581826500007, 29.908409335000044], [81.75868520200004, 29.909529709000026], [81.76016701400005, 29.911086521000072], [81.76360776400008, 29.912390646000063], [81.76531163900006, 29.911056834000078], [81.77118007700005, 29.90952939600004], [81.77461213900006, 29.90979352200003], [81.77715470200008, 29.911201834000053], [81.78178776500005, 29.911068459000035], [81.78332489000007, 29.91335777200004], [81.78787063900006, 29.915112584000042], [81.79192995200003, 29.91877627200006], [81.79822170200003, 29.922845834000043], [81.79809814000004, 29.923825522000072], [81.80047701400008, 29.926783959000034], [81.80058938900004, 29.928696022000054], [81.80190645200008, 29.93259252100006], [81.80393670200004, 29.935557584000037], [81.80529701400008, 29.939733396000065], [81.80707270200008, 29.941693959000077], [81.80808120200004, 29.946135834000074], [81.81238301500008, 29.949831146000065], [81.81332351500004, 29.952245584000025], [81.81312720200003, 29.954385084000023], [81.81136657700006, 29.957831209000062], [81.81307238900007, 29.958549272000027], [81.81705176500003, 29.957649522000054], [81.82077570200005, 29.95799177200007], [81.82386001500004, 29.956783834000078], [81.83001301500008, 29.95079720900003], [81.83507313900003, 29.950959209000075], [81.83813351500004, 29.950260834000062], [81.84338682700007, 29.948454396000045], [81.85171163900003, 29.942369459000076], [81.85442213900006, 29.948660834000066], [81.85739820200007, 29.949712772000055], [81.85894176500005, 29.952398209000023], [81.86004676500005, 29.95137377100008], [81.86539939000005, 29.948219209000058], [81.86680907700008, 29.950452021000046], [81.87498164000004, 29.954636272000073], [81.87746345200003, 29.95503483500005], [81.87813007700004, 29.956173896000053], [81.88482345200003, 29.958418522000045], [81.88762932700007, 29.958320709000077], [81.89126232700005, 29.957229334000033], [81.89525882700008, 29.958399959000076], [81.89973551500003, 29.95815964600007], [81.90210388900005, 29.957520959000078], [81.91222420200006, 29.955707709000023], [81.91415120200008, 29.954266584000038], [81.92156082700006, 29.953148084000077], [81.92410595200005, 29.95393552200005], [81.92845701400006, 29.953099646000055], [81.93065532700007, 29.95349920900003], [81.93227764000005, 29.95455458400005], [81.93594982800005, 29.95452858400006], [81.93754457700004, 29.95581645900006], [81.93944070200007, 29.95588189700004], [81.94187664000003, 29.957709522000073], [81.94678664000008, 29.959131459000048], [81.94869451400007, 29.96036502100003], [81.95201276500006, 29.96075614700004], [81.95547007700003, 29.963228021000077], [81.95850195200006, 29.966429147000042], [81.96266807700005, 29.968088210000076], [81.96671307700007, 29.97099752200006], [81.97112207700008, 29.97301989700003], [81.97305301500006, 29.97503339700006], [81.97501889000006, 29.976031584000054], [81.97589007700003, 29.979613709000034], [81.97930851400008, 29.982552084000076], [81.98080901400004, 29.986337022000043], [81.98648239000005, 29.99074027200004], [81.99019751500003, 29.99810602200006], [81.99532370200006, 30.00125220900003], [81.99571989000003, 30.003691959000037], [81.99872976500006, 30.007228334000047], [81.99999863900007, 30.01111858400003], [82.00172632700009, 30.01193089700007], [82.00360607700009, 30.014377335000063], [82.00551045300006, 30.015343959000063], [82.01042314000006, 30.021779647000074], [82.01145320200004, 30.024246084000026], [82.01601151500006, 30.02730777100004], [82.01708495300005, 30.03018877200003], [82.01935920200003, 30.031916959000057], [82.01902926400004, 30.034508834000064], [82.01990132700007, 30.037962022000045], [82.01842932700004, 30.04048152200005], [82.01836851500008, 30.041952585000047], [82.01935307700006, 30.04512071000005], [82.01813338900007, 30.046530835000056], [82.01804689000005, 30.048020147000045], [82.01927220200008, 30.04930983400004], [82.01984257700008, 30.05215408500004], [82.02169026400009, 30.055344835000028], [82.02312839000007, 30.05896952200004], [82.02647195200007, 30.062728209000056], [82.02551489000007, 30.06572870900004], [82.02661776500008, 30.06781095900004], [82.02903876500005, 30.069774584000072], [82.03056264000008, 30.07369170900006], [82.03304107800005, 30.077290084000026], [82.03369682700009, 30.08236202200004], [82.03301939000005, 30.083871772000066], [82.03391057700009, 30.08582927200007], [82.03341001500007, 30.08832546000008], [82.03453164000007, 30.092299896000043], [82.04055451500005, 30.09625352200004], [82.04135751500007, 30.097817021000026], [82.04106145200006, 30.10037933500007], [82.04183851500005, 30.10101370900003], [82.04837457700006, 30.104047209000043], [82.04936032700004, 30.10840146000004], [82.04821557700006, 30.110120210000048], [82.04899732700005, 30.112225084000045], [82.04791476500003, 30.11591014700008], [82.04880789000003, 30.11799383400006], [82.04741951500006, 30.121043022000038], [82.04723076500005, 30.123557147000042], [82.04583345300006, 30.12533433400006], [82.04562432700004, 30.12814177100006], [82.04631126400005, 30.130664772000046], [82.04594226500006, 30.135658960000058], [82.04497676500006, 30.137919897000074], [82.04699832800003, 30.14277558400005], [82.04460207800008, 30.14428552100003], [82.04429782700004, 30.145343522000076], [82.04535963900008, 30.14783864700007], [82.04500214000007, 30.14937745900005], [82.04581463900007, 30.152036897000073], [82.04323638900007, 30.153850522000027], [82.04180995300004, 30.15697664700008], [82.04011157800005, 30.158316334000062], [82.03823107700003, 30.162278272000037], [82.03221388900005, 30.172021959000062], [82.03195995200008, 30.17374939700005], [82.02865288900006, 30.177329960000066], [82.02841407700004, 30.17895577200005], [82.02641138900003, 30.180484897000042], [82.02446589000004, 30.183021710000048], [82.02408638900005, 30.187057397000046], [82.02301257700003, 30.188037897000072], [82.02139463900005, 30.19114945900003], [82.01956838900009, 30.193193584000028], [82.01997432700006, 30.194354272000055], [82.01939064000004, 30.197615710000036], [82.01829720200004, 30.199861584000075], [82.01934432700006, 30.203013334000048], [82.02069782700005, 30.204897397000025], [82.02373732700005, 30.20770421000003], [82.02924639000008, 30.21012402200006], [82.03383739000003, 30.21182239700005], [82.03621676500006, 30.21447633400004], [82.04315295200007, 30.218726959000037], [82.04287207700008, 30.22059446000003], [82.04449714000003, 30.22568783500003], [82.04592382800007, 30.227045459000067], [82.04459982700007, 30.231589522000036], [82.04587457700006, 30.235212772000068], [82.04609826500007, 30.23793558500006], [82.04471545200005, 30.240193022000028], [82.04404126500003, 30.242638772000078], [82.04418364000009, 30.246032084000035], [82.04477739000004, 30.24837971000005], [82.04443420200005, 30.250870209000027], [82.04813107700005, 30.25483958500007], [82.04996532800004, 30.257824585000037], [82.05273751500005, 30.25958408400004], [82.05275745200004, 30.26145377200004], [82.05477820200008, 30.263088397000047], [82.05849382800005, 30.264057584000057], [82.06076807700003, 30.26599464700007], [82.06071001500004, 30.26844446000007], [82.06349689000007, 30.269592459000023], [82.06638476500007, 30.272268647000033], [82.06767232700008, 30.274666959000058], [82.06794651500007, 30.27670814700008], [82.06997995200004, 30.27807858400007], [82.07136651500008, 30.281863147000024], [82.07080570200003, 30.28442083400006], [82.07126645300008, 30.288138459000038], [82.07355501500007, 30.290000710000072], [82.07548207700006, 30.29237114700004], [82.07547870200005, 30.294682960000046], [82.07657645200004, 30.29613770900005], [82.07789945300004, 30.299821147000046], [82.07857732700006, 30.30315352200006], [82.08034545200007, 30.30485983400007], [82.08264032700004, 30.305946022000057], [82.08645807700003, 30.310634897000057], [82.08813895200007, 30.31371983400004], [82.08798607700004, 30.316001335000067], [82.08910326500006, 30.320351710000068], [82.09198251400005, 30.323155959000076], [82.09332013900007, 30.326315772000044], [82.09236445200008, 30.329458835000025], [82.09304782700008, 30.333341460000042], [82.09490170300006, 30.339760459000047], [82.09827264000006, 30.34095008500003], [82.09936170200007, 30.34200552200008], [82.09973632700007, 30.344174272000032], [82.09861045200006, 30.346574522000026], [82.09851089000006, 30.349708022000073]]]}}, {"type": "Feature", "properties": {"slug": "jumla-patarasi", "municipality": "Patarasi", "district": "Jumla"}, "geometry": {"type": "Polygon", "coordinates": [[[82.56039226500008, 29.411436146000028], [82.55907776500004, 29.41283164600003], [82.55543807800007, 29.413730521000048], [82.55313514000005, 29.415124271000025], [82.55071845200007, 29.417310646000033], [82.54480014100005, 29.419943771000078], [82.54367520300008, 29.420716396000046], [82.53815939100008, 29.42084989600005], [82.53427595300008, 29.421718459000033], [82.52740039100007, 29.422323833000064], [82.52602145200007, 29.421762709000063], [82.52314770300006, 29.42187977100008], [82.51944501500003, 29.42085977100004], [82.51835607800007, 29.419489834000046], [82.51502076500003, 29.42048120900006], [82.51428920200004, 29.422663146000048], [82.51338470300004, 29.429663146000053], [82.51322657800006, 29.433195771000044], [82.51181582700008, 29.436265521000053], [82.50952914000004, 29.437225584000032], [82.50701770300003, 29.440088959000036], [82.50715832800006, 29.441396458000042], [82.50456089000005, 29.44492652100007], [82.50419514000004, 29.451237771000024], [82.50223020200008, 29.457700146000036], [82.50385407700008, 29.45904239600003], [82.50366914100005, 29.463217459000077], [82.50467276500007, 29.466113521000068], [82.50761951500004, 29.469261397000025], [82.50716220200007, 29.47144408300005], [82.50564164000008, 29.472832209000046], [82.50268589000007, 29.474352958000054], [82.50208882700008, 29.47632658400005], [82.50227820300006, 29.47999158400006], [82.50358282800005, 29.483481959000073], [82.50201051500005, 29.48762789600005], [82.49999989000008, 29.491468833000056], [82.49758607800004, 29.493525958000077], [82.49125189000006, 29.491271771000072], [82.49030589000006, 29.490447833000076], [82.48958476500007, 29.488078646000076], [82.48753482700005, 29.48558220900003], [82.48295695300004, 29.48562877100005], [82.48217639000006, 29.481906958000025], [82.47906664000004, 29.47941314600007], [82.47650370300005, 29.479200271000025], [82.47549464000008, 29.477163459000053], [82.47345507800009, 29.47490127100008], [82.47130514100007, 29.474183021000044], [82.46772801500003, 29.471461771000065], [82.46398845300007, 29.470208334000063], [82.46065957800005, 29.467612771000063], [82.45558901500004, 29.465097021000076], [82.45460764000006, 29.46428902200006], [82.45364007800003, 29.45739552200007], [82.45251557800003, 29.45435608300005], [82.44990364100005, 29.45001339600003], [82.44700626500008, 29.449151709000034], [82.44518982700004, 29.44686183400006], [82.44341651500008, 29.44583902100004], [82.43424057800007, 29.443344334000074], [82.43102532800003, 29.445465271000046], [82.42835157800005, 29.449188521000053], [82.42712507800007, 29.448694208000063], [82.41932239100004, 29.447785146000058], [82.41742970300004, 29.44937520900004], [82.41311895300004, 29.451245646000075], [82.41286295300006, 29.454624959000057], [82.41146614000007, 29.45672614600005], [82.41140776500004, 29.46023414600006], [82.41264039000004, 29.462695334000045], [82.41245164000009, 29.463861209000072], [82.40890501500007, 29.468946646000063], [82.40619432800008, 29.47135264600007], [82.40517226500003, 29.474061084000027], [82.40383289000005, 29.47544883300003], [82.40293464100006, 29.478875396000035], [82.40032326600004, 29.480939646000024], [82.39831870300003, 29.483554584000046], [82.39797064000004, 29.48664833400005], [82.39548320300008, 29.490912583000068], [82.39500051600004, 29.493739333000065], [82.39244095300006, 29.49817114600006], [82.38783351500007, 29.501778521000062], [82.38588589000005, 29.50157558400008], [82.38485314000008, 29.50000520900005], [82.38245214000005, 29.498401708000074], [82.37750151500006, 29.496824584000024], [82.37387789000007, 29.493598271000053], [82.37238439000004, 29.491209334000075], [82.36955389000008, 29.491141522000078], [82.36653814100004, 29.490380834000064], [82.36110470200003, 29.49174245900008], [82.35462151500008, 29.49255527100007], [82.34767164000004, 29.493956646000072], [82.34682989000004, 29.49479070800004], [82.34449220200008, 29.500421647000053], [82.34313651500008, 29.50139164600006], [82.34172764100003, 29.504198272000053], [82.33582870300006, 29.504070459000047], [82.33179970300006, 29.50549802100005], [82.33055914100004, 29.50799608400007], [82.32390482800008, 29.50739933400007], [82.31881189000006, 29.50659733400005], [82.31656489000005, 29.50477683400004], [82.31370726500006, 29.504586333000077], [82.31177639000003, 29.503725709000037], [82.30925320200004, 29.499368021000066], [82.30792876500004, 29.49637439600008], [82.30641782700008, 29.494212583000035], [82.30248345300004, 29.494075271000042], [82.30404389000006, 29.491249521000043], [82.30271495300008, 29.48587395800007], [82.30370364000004, 29.48345308300003], [82.30349370300007, 29.481907834000026], [82.30700745300004, 29.47979145800008], [82.30791701500004, 29.477693896000062], [82.30391095200008, 29.47306864600006], [82.30099539000008, 29.470494271000064], [82.30367676500003, 29.464434334000032], [82.30322864000004, 29.46119520900004], [82.30208326500008, 29.459496708000074], [82.29825514000004, 29.45626352100004], [82.29823439000006, 29.45473670800004], [82.30083576500004, 29.450459521000028], [82.29990739000004, 29.448445333000052], [82.29720820200004, 29.447413771000072], [82.29707064000007, 29.44429558400003], [82.29558651500008, 29.442286834000072], [82.29322276500005, 29.441430146000073], [82.28872551500007, 29.44099102100006], [82.28445026500003, 29.443445834000045], [82.27960595300004, 29.442725583000026], [82.27799070200007, 29.44189295800004], [82.27213682700005, 29.44198289600007], [82.26954051500007, 29.444944459000055], [82.26534176500007, 29.44385208400007], [82.26365889000004, 29.44130345900004], [82.26024207800003, 29.437731459000076], [82.25800495300007, 29.437964583000053], [82.25606139000007, 29.436561896000057], [82.25349239000008, 29.435631896000075], [82.25162795300008, 29.43420814700005], [82.24902832700008, 29.433348396000042], [82.24173582800006, 29.43885033400005], [82.23787932800008, 29.436240396000073], [82.23620351400007, 29.433677834000036], [82.23109745200009, 29.430950709000058], [82.22765926500006, 29.430887708000057], [82.22569626500007, 29.43007120900006], [82.22381001500008, 29.428130646000056], [82.22529407800005, 29.42613433400004], [82.22551095300008, 29.42333083400007], [82.22449395300004, 29.421833396000068], [82.22413557700008, 29.419019459000026], [82.21922976500008, 29.413393771000074], [82.21785376500003, 29.41062064600004], [82.21736745200008, 29.40797020800005], [82.21530151500008, 29.407012396000027], [82.21327764000006, 29.409969896000064], [82.21199026500005, 29.410791396000036], [82.20690770200008, 29.410614209000073], [82.20554289000006, 29.409248396000066], [82.20240688900003, 29.40885945800005], [82.19904720200003, 29.41042345900007], [82.19518851500004, 29.41102664600004], [82.18972764000006, 29.408003334000057], [82.18735564000008, 29.406294397000067], [82.18596039000005, 29.406101584000055], [82.18270064000006, 29.406917771000053], [82.18047995200004, 29.412657771000056], [82.17728314000004, 29.41537933400008], [82.17419332700007, 29.416214084000046], [82.17385139000004, 29.41145995900007], [82.17558801500007, 29.406827333000024], [82.17518751400007, 29.40476689600007], [82.17385163900008, 29.40329445800006], [82.17338870300006, 29.39579395800007], [82.17393163900005, 29.393892209000057], [82.17312620300004, 29.38936314600005], [82.16935857700008, 29.38931277100005], [82.17052570200008, 29.38747995800003], [82.17126164000007, 29.384272709000072], [82.17329351500007, 29.37936458300004], [82.17376789000008, 29.376319771000055], [82.17499182800003, 29.374858646000064], [82.17842507800003, 29.36778389600005], [82.17876026500005, 29.362784646000023], [82.18043720300005, 29.35686220900004], [82.18129782700004, 29.352841771000044], [82.17902545200008, 29.345454209000025], [82.17767045200003, 29.34628502100003], [82.17368989000005, 29.343974208000077], [82.17094370200005, 29.34422614600004], [82.16662189000004, 29.34351964600006], [82.16527639000003, 29.341063646000066], [82.17088720200007, 29.339898021000067], [82.17245270200004, 29.339133083000036], [82.17572232800006, 29.33559677100004], [82.17717620300004, 29.335259146000055], [82.18113339000007, 29.333176021000043], [82.18336770300004, 29.330255458000067], [82.18788839000007, 29.326890396000067], [82.18891507800004, 29.323635334000073], [82.18986988900008, 29.322126834000073], [82.19247032700008, 29.32090814600008], [82.19524864000005, 29.32098477100004], [82.19699132700003, 29.320384959000023], [82.19952070200003, 29.318056958000057], [82.20089176500005, 29.31551145800006], [82.20089314000006, 29.31370695800007], [82.20237507700006, 29.309757458000036], [82.20428845300006, 29.30667027100003], [82.20935145300007, 29.30213795800006], [82.21283126500003, 29.300971834000052], [82.21510095200006, 29.299167021000073], [82.21900932800008, 29.293686146000027], [82.22013514000008, 29.296014959000047], [82.22439689000004, 29.29899864600003], [82.22793882700006, 29.29541114600005], [82.22829963900006, 29.293734146000077], [82.22984039000005, 29.291531958000064], [82.23088714000005, 29.291269646000046], [82.23557207800008, 29.287822646000052], [82.23945951400003, 29.28612645800007], [82.24602157700008, 29.28468495800007], [82.24997601500007, 29.28533820800004], [82.25592882700005, 29.285119958000053], [82.25913651500008, 29.282105584000078], [82.26353564000004, 29.280421896000064], [82.26616526500004, 29.28058420900004], [82.26732720200005, 29.280029584000033], [82.27297832800008, 29.273042021000037], [82.27399982800006, 29.272739021000064], [82.28035564000004, 29.267821896000044], [82.28514201500008, 29.265964583000027], [82.28911820200005, 29.268394021000063], [82.29245882800006, 29.26972420900006], [82.29671039000004, 29.272389771000064], [82.29911857700006, 29.27320995900004], [82.30669064000006, 29.274451209000063], [82.31229989000008, 29.276507521000042], [82.32165651500003, 29.28144083400008], [82.32320857700006, 29.28048483300006], [82.33268676500006, 29.278859084000032], [82.33673982800008, 29.276544958000045], [82.33835132800004, 29.274491958000056], [82.34101126500008, 29.27347958400003], [82.34340920200003, 29.270884084000045], [82.34443964100006, 29.26705270900004], [82.34659695300007, 29.26422277100005], [82.34728645200005, 29.25937295800003], [82.34687589000004, 29.25557189600005], [82.34993295300006, 29.252234271000077], [82.35265007800007, 29.250440708000042], [82.35580570300004, 29.24494558300006], [82.35853045200008, 29.24360745900003], [82.36106095200006, 29.241542646000028], [82.36222182700004, 29.238652646000048], [82.36630970200008, 29.236558333000062], [82.37140070200007, 29.234485146000054], [82.37293670300005, 29.232563396000046], [82.38081157800008, 29.230619209000054], [82.38258639000009, 29.22901964600004], [82.38616982700006, 29.230157708000036], [82.38986857800006, 29.229636646000074], [82.39350370300008, 29.227889084000026], [82.39632620300006, 29.229562646000034], [82.39935545300006, 29.230401709000034], [82.40322920300008, 29.23211589600004], [82.40689045300007, 29.23200752100007], [82.41510251500006, 29.23308252100003], [82.41922489100006, 29.236203459000023], [82.42502945300004, 29.23787627100006], [82.42900164100007, 29.236672209000062], [82.44514614000008, 29.234757458000047], [82.44884370200003, 29.232619708000072], [82.45319732700005, 29.234104021000064], [82.45472832800004, 29.235073084000078], [82.45900426500003, 29.236418209000078], [82.46390826500004, 29.239921646000028], [82.46437726500005, 29.24129014600004], [82.46885964000006, 29.24423183300007], [82.47151257800004, 29.241938083000036], [82.47256145200004, 29.240336396000032], [82.47521145300004, 29.240760521000027], [82.47555895300007, 29.24172208400006], [82.48126639100008, 29.243001021000055], [82.48554326500005, 29.243298646000028], [82.48785832700008, 29.244254083000044], [82.49073914000007, 29.243473146000042], [82.49369382700007, 29.243266521000066], [82.49594089000004, 29.244048896000038], [82.49835795200005, 29.243040646000054], [82.50268032700006, 29.24448452100006], [82.50537257700006, 29.24425977100003], [82.50997014000006, 29.245488521000027], [82.51259726600006, 29.245497459000035], [82.51309201500004, 29.243499959000076], [82.51471295300007, 29.241788021000048], [82.51991582800008, 29.24154345900007], [82.52059876500005, 29.247257583000078], [82.52258732800004, 29.250744146000045], [82.52615651500008, 29.251232396000034], [82.52772301500005, 29.250827833000073], [82.53037520300006, 29.251881083000058], [82.53265789000005, 29.252109146000066], [82.53492689000007, 29.251110021000045], [82.54048407800008, 29.253239146000055], [82.54218932800006, 29.255786271000034], [82.54650876500006, 29.257879083000034], [82.54905526500005, 29.259661583000025], [82.55389832700007, 29.26569583400004], [82.55336501600004, 29.26945233400005], [82.55408364000004, 29.27229308300008], [82.55230314100004, 29.277919521000058], [82.55241726500003, 29.279770333000045], [82.55413964000007, 29.282200208000063], [82.55733626500006, 29.284733896000034], [82.55834326500008, 29.286544709000054], [82.56111289100005, 29.28871964600006], [82.56635982800003, 29.28995795900005], [82.56706295300006, 29.290624146000027], [82.57390782800007, 29.291572521000035], [82.57685382800008, 29.293101646000025], [82.58244820300007, 29.295434771000032], [82.58577945300004, 29.298366271000077], [82.58949995200004, 29.300137896000024], [82.59264789000008, 29.30304245800005], [82.59086345200006, 29.30578664600006], [82.59196626600004, 29.31180495900003], [82.59312989000006, 29.314059271000076], [82.59203982800005, 29.32411214600006], [82.59243082800003, 29.32630864600003], [82.58867264000008, 29.32951477100005], [82.58697426500004, 29.330527584000038], [82.58462701500008, 29.333525146000056], [82.58374270300004, 29.336208897000063], [82.57712232800003, 29.337130959000035], [82.57627989100007, 29.341366896000068], [82.57547295200004, 29.342813147000072], [82.57259220300006, 29.345558958000026], [82.57278664100005, 29.354558396000073], [82.57378014000005, 29.356502084000056], [82.57182476600008, 29.358585521000066], [82.57019907800003, 29.361236459000054], [82.56989495300007, 29.36551645800006], [82.56388595300007, 29.366999209000028], [82.56215570300003, 29.368133146000048], [82.56150676500005, 29.369802021000055], [82.55913376500007, 29.372383771000045], [82.55907051500003, 29.37356052100006], [82.55190945300006, 29.37641058300005], [82.55004451500008, 29.380407459000025], [82.55263057800005, 29.384635334000052], [82.55463495300006, 29.38907114600005], [82.55504082800007, 29.395183521000035], [82.55585495300005, 29.39763508300007], [82.55929170300004, 29.403780271000073], [82.56039226500008, 29.411436146000028]]]}}, {"type": "Feature", "properties": {"slug": "jumla-sinja", "municipality": "Sinja", "district": "Jumla"}, "geometry": {"type": "Polygon", "coordinates": [[[82.12796514000007, 29.36331858400007], [82.12446238900003, 29.366720459000078], [82.12328789000009, 29.36922058400006], [82.12364088900006, 29.370302646000027], [82.12085095200007, 29.374327709000056], [82.11469701500005, 29.375631209000062], [82.10924439000007, 29.377194709000037], [82.10757101500008, 29.379281646000038], [82.10419832700006, 29.38112995800003], [82.10204095200004, 29.383786959000076], [82.10088264000007, 29.38690708300004], [82.09808570300004, 29.387652021000065], [82.09198220200005, 29.387269021000066], [82.08582195200006, 29.388562208000053], [82.08177982700005, 29.386858208000035], [82.07946320200006, 29.385478458000023], [82.07620907700004, 29.38568520900003], [82.07512726500005, 29.384649584000044], [82.07235920200003, 29.378949146000025], [82.06849170200007, 29.380340396000065], [82.06706582700008, 29.378768209000043], [82.06699226500007, 29.377088396000033], [82.06529876500008, 29.376274084000045], [82.06224101500004, 29.37168327100005], [82.06082957700005, 29.368317708000063], [82.05584357700008, 29.36504814600005], [82.05398726400006, 29.36290189600004], [82.04969532700005, 29.35883933300005], [82.04828032800003, 29.358523396000066], [82.04616145200004, 29.36038527100004], [82.04137476500006, 29.359479771000053], [82.03941882800007, 29.35945895900005], [82.03317620200005, 29.36086083300006], [82.03192688900003, 29.363502959000073], [82.03074382800008, 29.364610646000074], [82.02693176400004, 29.366207771000063], [82.02477226500008, 29.366386833000035], [82.02309676400006, 29.367644834000032], [82.01798401500008, 29.36781927100003], [82.01585426400004, 29.369376208000062], [82.01361420200004, 29.36910227100003], [82.01142582700004, 29.371708458000057], [82.00828020200004, 29.371727771000053], [82.00652026400007, 29.373071896000056], [82.00231626500005, 29.37528039600005], [81.99999982700007, 29.374641334000046], [81.99776776500005, 29.374931021000066], [81.99572795200004, 29.374131959000067], [81.99387782700006, 29.376751084000034], [81.99288932700006, 29.380121771000063], [81.98961795200006, 29.380617459000064], [81.98364670200004, 29.384200958000065], [81.98541951500005, 29.38802039600006], [81.98091220200007, 29.38899427100006], [81.97905245200008, 29.390338834000033], [81.97635338900005, 29.394969334000052], [81.97476607700008, 29.395727584000042], [81.97258270200007, 29.398145896000074], [81.96992270200008, 29.39913983300005], [81.96809270200004, 29.401686271000074], [81.96591576500003, 29.402838958000075], [81.96313401500004, 29.40275983400005], [81.96157626500008, 29.404688458000066], [81.95948326500007, 29.404031271000065], [81.95524464000005, 29.404849021000075], [81.95197876500004, 29.40348058400008], [81.94744995200006, 29.403082021000046], [81.94482495200003, 29.399475709000058], [81.94430732700005, 29.395037771000034], [81.93848701500008, 29.394986396000036], [81.93518845200003, 29.394355396000037], [81.93419026400005, 29.393654146000074], [81.93183357700008, 29.393826271000023], [81.93109426500007, 29.39248702100008], [81.93057139000007, 29.38902358400003], [81.92798976500006, 29.387110646000053], [81.92629539000006, 29.38502683400003], [81.92658482700006, 29.38165470900003], [81.92812757700005, 29.38008527100004], [81.92799420200004, 29.375606271000038], [81.92849720200007, 29.373850021000067], [81.92869826400005, 29.369465771000023], [81.92823714000008, 29.36768233400005], [81.92944901500005, 29.366776146000063], [81.92950345300005, 29.36448164600006], [81.92730270200008, 29.359834271000068], [81.92754495200006, 29.35722720800004], [81.92699139000007, 29.353324084000064], [81.92864289000005, 29.35038008400005], [81.92976332700005, 29.34935495800005], [81.93185639000006, 29.344799458000068], [81.93093995200007, 29.342191521000075], [81.93184426400006, 29.34013914600007], [81.93295189000008, 29.33970508300007], [81.93726382700004, 29.340771146000066], [81.94315438900009, 29.338997146000054], [81.94735639000004, 29.33923814600007], [81.95124145300008, 29.33902558400007], [81.95436470300007, 29.337676896000062], [81.95708401400003, 29.337738646000048], [81.95867051400006, 29.33703920800008], [81.96108939000004, 29.33491495900006], [81.96451801400008, 29.33103283400004], [81.96608532700003, 29.330432771000062], [81.96679070200008, 29.32722902100005], [81.96877632700006, 29.32459339600007], [81.97120995300008, 29.323813271000063], [81.97264401500007, 29.32417502100003], [81.97719864000004, 29.327101334000076], [81.98081664000006, 29.32695295900004], [81.98262176500003, 29.32761645900007], [81.98308226400007, 29.325436208000042], [81.98627257700008, 29.323919396000065], [81.98619657800003, 29.319830272000047], [81.98497264000008, 29.315079646000072], [81.98398376400007, 29.313221459000033], [81.98484626500004, 29.310422521000078], [81.98284395200005, 29.30829427100008], [81.98260382800004, 29.306477896000047], [81.98384251500005, 29.30426264600004], [81.98546126400004, 29.303113771000028], [81.98751426500007, 29.299557083000025], [81.99232339000008, 29.30025683300005], [81.99438576500006, 29.29969333300005], [81.99686426500006, 29.300495959000045], [81.99999995300004, 29.299152896000066], [82.00305776400006, 29.300251084000024], [82.00536707700007, 29.300003584000024], [82.00966270200007, 29.300623146000078], [82.01194732700003, 29.299374209000064], [82.01707470200006, 29.29893370800005], [82.01909407700003, 29.300077771000076], [82.02165376500005, 29.299397271000032], [82.02411851500005, 29.29661514600008], [82.02671201500004, 29.294880833000036], [82.02864045200005, 29.294976521000024], [82.03324782800007, 29.292252146000067], [82.03359514000005, 29.288854521000076], [82.03513614000008, 29.287222959000076], [82.03891345200003, 29.284335646000045], [82.04097826500004, 29.28076002100005], [82.04141664000008, 29.27851664600007], [82.04502895200005, 29.28045314600007], [82.04711414000008, 29.280736834000038], [82.05106932700005, 29.282785583000077], [82.05368688900006, 29.285169583000027], [82.06005739000005, 29.284171771000047], [82.07113951500008, 29.28362095800003], [82.07629351500003, 29.283620146000032], [82.08096395200005, 29.28919920900006], [82.08455226500007, 29.29174395800004], [82.08612939000005, 29.29195214600003], [82.08954570200007, 29.29378758300004], [82.09126407700006, 29.29590070900008], [82.09187076500007, 29.29874920800006], [82.09314764000004, 29.29974933300008], [82.09567676500006, 29.303903958000035], [82.09589613900005, 29.30662033300007], [82.09732688900004, 29.308760521000067], [82.09838557700004, 29.311781146000044], [82.09887545200007, 29.314626146000023], [82.10246682700006, 29.320741146000046], [82.10693457700006, 29.322806521000075], [82.10911201500005, 29.32498320800005], [82.10987257700003, 29.327232584000058], [82.11220095300007, 29.331323084000076], [82.12162589000008, 29.335173646000044], [82.12305382800008, 29.33591952100005], [82.12878232800006, 29.33770508300006], [82.13163807800004, 29.338055333000057], [82.13145945200006, 29.342392333000078], [82.13218395200005, 29.344641834000072], [82.12968088900004, 29.347223271000075], [82.12802120200007, 29.35163589600006], [82.12902307700006, 29.35662152100008], [82.12628576500003, 29.360357521000026], [82.12796514000007, 29.36331858400007]]]}}, {"type": "Feature", "properties": {"slug": "bara-pheta", "municipality": "Pheta", "district": "Bara"}, "geometry": {"type": "Polygon", "coordinates": [[[84.95100120500007, 27.02998164400003], [84.94641751800003, 27.03026976900003], [84.93958276700005, 27.030085394000025], [84.93777064200003, 27.026857144000076], [84.93348414300004, 27.02468101900007], [84.93691626800006, 27.022121894000065], [84.93272358000007, 27.01908770700004], [84.93013439300006, 27.018664769000054], [84.92863845500005, 27.020511456000065], [84.92704889300006, 27.020862644000033], [84.92599508000006, 27.01955858200006], [84.92490095500006, 27.016943706000063], [84.92477951800004, 27.014033582000025], [84.92640758000005, 27.011863394000045], [84.92574608000007, 27.009387831000026], [84.92386739200003, 27.01086695600003], [84.92018839200006, 27.010171206000052], [84.91965258000005, 27.008021894000024], [84.91754445600003, 27.006629893000024], [84.91730770500004, 27.004541956000025], [84.91360014200006, 27.000822456000037], [84.91424220600004, 26.999692206000077], [84.91624251700006, 26.99970858100005], [84.91722214300006, 26.996793581000077], [84.91940926800004, 26.994924456000035], [84.92081520500005, 26.99271520600007], [84.92037958000003, 26.991264831000024], [84.91833276700004, 26.989384957000027], [84.91871201800006, 26.984212832000026], [84.91825839300003, 26.98199989400007], [84.92688789200008, 26.980876081000076], [84.92910626700007, 26.983941581000067], [84.93329539200005, 26.98360258200006], [84.93680876800005, 26.982947394000064], [84.93759076800006, 26.983542519000025], [84.94144058000006, 26.981630331000076], [84.94197401700006, 26.980812144000026], [84.94138751800006, 26.97775401900003], [84.94435020500003, 26.976705207000066], [84.94784220500009, 26.97872389400004], [84.95316670500006, 26.979541019000067], [84.95488795500006, 26.976072332000058], [84.95682464300006, 26.97516564400007], [84.95983558000006, 26.974863081000024], [84.96345283000005, 26.97374176900007], [84.96589620500004, 26.97562726900003], [84.96621483000007, 26.977103082000042], [84.96804376800003, 26.977663706000044], [84.97200295500005, 26.98175008100003], [84.97314164300008, 26.98477495700007], [84.97721383000004, 26.98665801900006], [84.97898576800003, 26.989412207000044], [84.97615351700006, 26.991489769000054], [84.97043926700007, 26.99288539400004], [84.96926970500004, 26.994854332000045], [84.96928464300004, 26.996675206000077], [84.96784326800008, 26.997797582000032], [84.97025995500007, 27.00413301900005], [84.96862458100009, 27.005337956000062], [84.96423789300007, 27.006002082000066], [84.96320801700006, 27.004143019000026], [84.96162695500004, 27.004264394000074], [84.96126364200006, 27.007013019000055], [84.96541389200007, 27.01095833200003], [84.96710189300006, 27.015956207000045], [84.96737864300007, 27.018632706000062], [84.96529726800009, 27.020012207000036], [84.96226476800007, 27.02029695600004], [84.95993601700008, 27.01798864400007], [84.95837983000007, 27.020327956000074], [84.95622683000005, 27.02189283200005], [84.95456408000007, 27.021096269000054], [84.95235170500007, 27.022049956000046], [84.95079926800008, 27.020812582000076], [84.94712614200006, 27.024926207000078], [84.94568726800009, 27.02552251900005], [84.94654951800004, 27.02730833100003], [84.94940076800003, 27.026799519000065], [84.95101001800003, 27.028934581000044], [84.95100120500007, 27.02998164400003]]]}}, {"type": "Feature", "properties": {"slug": "bara-kolhabi", "municipality": "Kolhabi", "district": "Bara"}, "geometry": {"type": "Polygon", "coordinates": [[[85.20847701800005, 27.11687614400006], [85.20350083100004, 27.124558894000074], [85.19895320500007, 27.134952206000037], [85.19555245500004, 27.140306207000037], [85.19421101800003, 27.141646581000032], [85.19342045600007, 27.145996769000078], [85.19207151700004, 27.14687695600003], [85.18905026800007, 27.150201394000078], [85.18875326800008, 27.151571269000044], [85.18473776800005, 27.155296581000073], [85.18463839300006, 27.15645945600005], [85.18697533000005, 27.163894644000038], [85.18535433100004, 27.164598831000035], [85.18306239200007, 27.164180394000027], [85.17976958100007, 27.165133206000064], [85.17882195500005, 27.169543331000057], [85.17747426800008, 27.17099876900005], [85.17661989200008, 27.173729394000077], [85.17529545500008, 27.175130394000064], [85.17337108100008, 27.179954769000062], [85.16873114300006, 27.179594144000077], [85.14778164300003, 27.178519394000034], [85.14236976800004, 27.177791894000052], [85.13604158100009, 27.175760706000062], [85.12669264300007, 27.172257519000027], [85.12109870500007, 27.17049270600006], [85.11061264200004, 27.16671089400006], [85.09451583000003, 27.163488957000027], [85.08657095500007, 27.16368383200006], [85.08374470500007, 27.159355394000045], [85.08327064300005, 27.156831832000023], [85.08346551800008, 27.153165957000056], [85.08403501800007, 27.150954769000066], [85.08415608000007, 27.145531707000032], [85.08500233000007, 27.14017295600007], [85.08481158000006, 27.136810144000037], [85.08540783000007, 27.133720957000037], [85.08618401700005, 27.132483019000063], [85.08552576800008, 27.12883276900004], [85.08616008000007, 27.12439401900008], [85.08478426800008, 27.117258582000034], [85.08524720600008, 27.115513082000064], [85.08406514300003, 27.112500832000023], [85.08743714300005, 27.11073508100003], [85.09059314300004, 27.106211331000054], [85.08967545500008, 27.104598331000034], [85.09060426800005, 27.102542331000052], [85.09013083100007, 27.10039564400006], [85.09387889200008, 27.096447081000065], [85.09638758000006, 27.09424564400007], [85.09411495500007, 27.093753331000073], [85.09192751800003, 27.092556457000057], [85.09056920500007, 27.09261664400003], [85.08833751800006, 27.09145833200006], [85.08556195500006, 27.088020707000055], [85.08403995500004, 27.084361269000055], [85.07881189300008, 27.08000370700006], [85.07451064300005, 27.079806457000075], [85.07407595600006, 27.078636456000027], [85.07635801800006, 27.07613470700005], [85.07826889300009, 27.07871270700008], [85.08361170500007, 27.077649456000074], [85.08597645600008, 27.07779814400004], [85.08865633000005, 27.079580331000045], [85.09155495500005, 27.080902707000064], [85.09069245500007, 27.078140769000072], [85.08991314300005, 27.07315783100006], [85.09498351800005, 27.074569331000077], [85.10135083000006, 27.075453769000035], [85.10224945500005, 27.07655008200004], [85.10544401800007, 27.076299394000046], [85.10861208100005, 27.074250456000073], [85.10777039300007, 27.072485769000025], [85.10832539300003, 27.07085451900008], [85.11478570600008, 27.06950376900005], [85.11579239300005, 27.07055408100007], [85.11783451800005, 27.07109970600004], [85.11874039200006, 27.075323269000023], [85.12229501800005, 27.078839707000043], [85.12455958000004, 27.07785139400005], [85.12745358000006, 27.07747845600005], [85.13680789300008, 27.071256706000042], [85.13491376800005, 27.067138269000054], [85.13386620500006, 27.066174206000028], [85.13453683000006, 27.064002644000027], [85.13420914200003, 27.062434894000035], [85.13487845500003, 27.06006695700006], [85.13228320600007, 27.05895295700003], [85.13240045500004, 27.057140081000057], [85.12781601700004, 27.056642144000023], [85.12630501800004, 27.05581714400006], [85.12557170500008, 27.05400208100008], [85.12627558000008, 27.051421894000043], [85.12595689300008, 27.04891076900003], [85.12507520500003, 27.048062644000026], [85.12784095500007, 27.045779582000023], [85.12807489300008, 27.043722081000055], [85.12971258100004, 27.04034914400006], [85.13244058000004, 27.037037394000038], [85.13239301800007, 27.03499345700004], [85.13465226800008, 27.03494820700007], [85.13592170500004, 27.03371495600004], [85.13610333100007, 27.03065833200003], [85.13300864300004, 27.027738644000067], [85.13335108000007, 27.024881519000076], [85.13505895500003, 27.02408476900007], [85.13530908100006, 27.02196170700006], [85.13808789200004, 27.020996144000037], [85.13827020500008, 27.016271957000072], [85.13992389300006, 27.015430456000047], [85.13958933000004, 27.011486706000028], [85.14103995500005, 27.007882769000048], [85.13930158000005, 27.00631283100006], [85.14028789300005, 27.00431914400008], [85.14483358100006, 27.003553456000077], [85.14757414300004, 27.00408851900005], [85.15184783000007, 27.00272233100003], [85.15383708000007, 27.003252144000044], [85.15549145500006, 27.005285144000027], [85.15561445600008, 27.008560457000044], [85.15389158100004, 27.010869332000027], [85.15242364300008, 27.01194183100006], [85.14855545500006, 27.012399894000055], [85.14632176800006, 27.01312214400008], [85.14388076800003, 27.01569170700003], [85.14374420600006, 27.017692019000037], [85.14443270500004, 27.020371582000053], [85.14584933000003, 27.021553706000077], [85.14849308100008, 27.02050995600007], [85.14930976800008, 27.02166314400006], [85.15116676800005, 27.021977394000032], [85.15175358100004, 27.023682956000073], [85.15447451800009, 27.02335376900004], [85.15747926800003, 27.021214832000055], [85.15949933000007, 27.023301206000042], [85.16074351800006, 27.022580206000043], [85.16442708100004, 27.02196764400003], [85.16586783000008, 27.021314894000056], [85.16889614300004, 27.023302456000067], [85.16868664200007, 27.02484983200003], [85.16976964300005, 27.025779519000025], [85.17039351800008, 27.027811894000024], [85.17178895500007, 27.028795331000026], [85.17285876800008, 27.02760408200004], [85.17624601700004, 27.02556308100003], [85.17598445600004, 27.023311144000047], [85.18008045600004, 27.022507456000028], [85.18377358000004, 27.023356456000045], [85.18535964300008, 27.02233676900005], [85.18643058100008, 27.01958620700003], [85.18777764200007, 27.019270144000075], [85.18986183000004, 27.02040114400006], [85.19460526800003, 27.02056176900004], [85.19686389200007, 27.021266894000064], [85.19895639300006, 27.023645394000027], [85.19946926700004, 27.026915019000057], [85.20034895600008, 27.028013144000056], [85.19966376800005, 27.02957364400004], [85.19423426700007, 27.032889331000035], [85.18870170500008, 27.033989894000058], [85.18547933100007, 27.03271739400003], [85.18153945600005, 27.033118331000026], [85.17978770500008, 27.03494264400007], [85.17946701800008, 27.03728745600006], [85.18114620600005, 27.03840383100004], [85.19132526700008, 27.038033707000068], [85.19249051800006, 27.03765608200007], [85.20240433000004, 27.03829826900005], [85.20324845500005, 27.040540644000032], [85.20144083100007, 27.04206114400006], [85.19915026800004, 27.041482769000027], [85.19682226700007, 27.04282476900005], [85.19838320500008, 27.045122081000045], [85.19986476800005, 27.04615864400006], [85.20025633000006, 27.047619644000065], [85.19867308000005, 27.050225769000065], [85.19498095500006, 27.050038269000027], [85.19246501800006, 27.04763851900003], [85.18901539300003, 27.046961456000076], [85.18563533000008, 27.048939519000044], [85.18624439200005, 27.051443456000072], [85.18911933000004, 27.05377264400005], [85.19019495500004, 27.056529831000034], [85.19140295600005, 27.05648351900004], [85.19440745600008, 27.06025776900003], [85.19424064300006, 27.06431845700007], [85.19591933000004, 27.065450394000038], [85.19943089300006, 27.062888831000066], [85.20180308000005, 27.06417501900006], [85.20281608000005, 27.066569394000055], [85.20236558000005, 27.069231269000056], [85.20032695500004, 27.07253620700004], [85.19802789300007, 27.073641144000078], [85.19653858100008, 27.077480644000048], [85.19889820600008, 27.079922269000065], [85.20048314200005, 27.079272394000043], [85.20175051800004, 27.081398394000075], [85.20461620600008, 27.08317445600005], [85.20437189300003, 27.086026331000028], [85.20262820500005, 27.089051207000068], [85.20373120500005, 27.091298144000064], [85.20310464300007, 27.09376514400003], [85.19981889300004, 27.09665889400003], [85.19848245600008, 27.103150519000053], [85.19941676700006, 27.10718601900004], [85.20339033000005, 27.112704894000046], [85.20847701800005, 27.11687614400006]]]}}, {"type": "Feature", "properties": {"slug": "bara-adarsha-kotwal", "municipality": "Adarsha Kotwal", "district": "Bara"}, "geometry": {"type": "Polygon", "coordinates": [[[85.17019101800008, 26.98873939400005], [85.16391670500008, 26.989238081000053], [85.16084345500008, 26.988045019000026], [85.15874726800007, 26.980676956000025], [85.15712714300008, 26.979505644000028], [85.15125114300008, 26.979743331000066], [85.14657314200008, 26.979465582000046], [85.14052714300004, 26.979839519000052], [85.13373595500008, 26.97936633100005], [85.13173120500005, 26.978364769000052], [85.13037958000007, 26.980280081000046], [85.12833020500005, 26.979854207000074], [85.12801276800008, 26.97883683200007], [85.13032876800008, 26.97588945600006], [85.13223326800005, 26.97474145700005], [85.13104070500003, 26.973473831000035], [85.13397314300005, 26.97142851900003], [85.13267464300003, 26.970082769000044], [85.13191720500004, 26.96611308200005], [85.13370914300003, 26.96688401800003], [85.13697895500007, 26.966295769000055], [85.13698545500006, 26.963994144000026], [85.13961264300008, 26.964056394000067], [85.14096370500005, 26.962123019000046], [85.14316695500008, 26.960918269000047], [85.14097095500006, 26.959591269000043], [85.14251676800006, 26.95731101900003], [85.14158170500008, 26.956294144000026], [85.13991420500008, 26.956616831000076], [85.13800695600008, 26.958204894000062], [85.13517233000005, 26.956779144000052], [85.13541926800008, 26.954094269000052], [85.13219539300007, 26.953955457000063], [85.12982151700004, 26.95471683100004], [85.12652045600004, 26.952258894000067], [85.12202108000008, 26.95242339400005], [85.12147608000004, 26.950469144000067], [85.12216958000005, 26.94879608100007], [85.12064858100007, 26.947634832000062], [85.11834895600003, 26.948126957000056], [85.11618914200005, 26.94710383100005], [85.11320376800006, 26.947061956000027], [85.11232258000007, 26.945915894000052], [85.11275795500006, 26.943841019000047], [85.11526501800006, 26.94242670600005], [85.11566470500009, 26.94146683100007], [85.11191089300007, 26.937766581000062], [85.11273989300008, 26.933732269000075], [85.10986295500004, 26.933998581000026], [85.10947139200005, 26.932638706000034], [85.11103295600003, 26.930135394000047], [85.10728995500006, 26.929165144000024], [85.10555576800004, 26.931399144000068], [85.10420995500004, 26.931256206000057], [85.10370176800006, 26.928960894000056], [85.10037633000007, 26.926646893000054], [85.10243389300007, 26.921939644000076], [85.10409408000004, 26.92129483100007], [85.10442583000008, 26.920008331000076], [85.10200001800007, 26.918091206000042], [85.10078289300003, 26.91802401900003], [85.09740576800004, 26.920345144000066], [85.09698651700006, 26.921440519000043], [85.09903033000006, 26.92355245600004], [85.09825339300005, 26.92533889400005], [85.09651051700007, 26.926365581000027], [85.09494226700008, 26.925073519000023], [85.09563264300004, 26.923116332000063], [85.09449089200007, 26.92166751900004], [85.09228539200006, 26.920725581000056], [85.09171901800005, 26.91915726900004], [85.09291708000006, 26.916525893000028], [85.09252058000004, 26.914234144000034], [85.09502995500003, 26.91251333200006], [85.09546601800008, 26.910294082000064], [85.09702520500008, 26.906572331000064], [85.09643583100006, 26.904051956000046], [85.09702914300004, 26.90326433100006], [85.10187045500004, 26.90267608100004], [85.10304876800006, 26.903490456000043], [85.10491170500006, 26.90850776900004], [85.10530695500006, 26.91045433100004], [85.10666039300008, 26.91205258100007], [85.10965564200006, 26.913389706000032], [85.11257276800006, 26.915932394000038], [85.11587026800004, 26.917458769000064], [85.12055508000003, 26.91888158100005], [85.12025151800003, 26.921086331000026], [85.12212958000003, 26.924855457000035], [85.12362170500006, 26.924845831000027], [85.12497633000004, 26.91973545700006], [85.12726458000003, 26.921766082000033], [85.12597058000006, 26.924736894000034], [85.12672939300006, 26.927249019000044], [85.13310108100006, 26.925548582000033], [85.13631108000004, 26.923943144000077], [85.14077076700005, 26.925078332000055], [85.14460539200007, 26.927572269000052], [85.14858558000003, 26.93112089400006], [85.15413045500009, 26.932912394000027], [85.15711895500004, 26.933052644000043], [85.15785770500008, 26.930138019000026], [85.15938464300007, 26.927377144000047], [85.15943458000004, 26.925612269000055], [85.15778095600007, 26.922620206000033], [85.15713108000006, 26.919437206000055], [85.15764776800006, 26.918327331000057], [85.15708076800007, 26.91518420700004], [85.15736376700005, 26.912634394000065], [85.16182851800005, 26.91208326900005], [85.16306439300007, 26.913309582000068], [85.16522070500008, 26.913772519000076], [85.16915126800006, 26.91310589400007], [85.17197339300003, 26.911500769000043], [85.17821126800004, 26.910340894000058], [85.17726783000006, 26.91244726900004], [85.17579301800004, 26.91313420700004], [85.17350295500006, 26.915680457000065], [85.17464708000006, 26.91842383200003], [85.17348345500005, 26.92097420600004], [85.17574914300008, 26.920497332000025], [85.17719658000004, 26.921651831000077], [85.18035289300008, 26.92288233100004], [85.18132751800005, 26.924918456000057], [85.18150451800005, 26.92873489400006], [85.18082920500007, 26.932052957000053], [85.17892820500003, 26.932032769000045], [85.17801533000005, 26.930609769000057], [85.17510845600003, 26.93118233200005], [85.17269051700004, 26.93217495600004], [85.17238501800006, 26.933729956000036], [85.16904639200004, 26.93541158100004], [85.16884958100007, 26.936525644000028], [85.16619476800008, 26.937998519000075], [85.16590720500005, 26.94045364400006], [85.17003620500003, 26.944104207000066], [85.17602314300007, 26.94273208100003], [85.17736364300004, 26.94403870700006], [85.17760564200006, 26.94770339400003], [85.17207776800007, 26.951551394000035], [85.17071883100004, 26.95509633100005], [85.17321145500006, 26.95847376900008], [85.17237045500008, 26.961215582000023], [85.17344351700007, 26.968350456000053], [85.17440364300006, 26.96938489300004], [85.17512139300004, 26.97314489400003], [85.17451395500007, 26.976557144000026], [85.17159976800008, 26.978357206000055], [85.16685108100006, 26.978179956000076], [85.16584395500007, 26.97925108100003], [85.16668914300004, 26.982991956000035], [85.16783651800006, 26.98586845600005], [85.17019101800008, 26.98873939400005]]]}}, {"type": "Feature", "properties": {"slug": "sarlahi-bagmati", "municipality": "Bagmati", "district": "Sarlahi"}, "geometry": {"type": "Polygon", "coordinates": [[[85.53305520600009, 27.140694894000035], [85.53036039300008, 27.140093644000046], [85.52349320600007, 27.14055176900007], [85.51822651800006, 27.142350832000034], [85.51485945500008, 27.14166551900007], [85.51191251800003, 27.143112082000073], [85.50651795600004, 27.14352633200008], [85.50329858000003, 27.143239332000064], [85.49796583100004, 27.14623326900005], [85.49593214300006, 27.149296394000032], [85.49348470600006, 27.153778457000044], [85.49178089300005, 27.15430195600004], [85.49143589300007, 27.153060206000077], [85.49301164300005, 27.148598769000046], [85.49302683100007, 27.146042331000046], [85.49146176800008, 27.142999581000026], [85.49074826800006, 27.139072331000023], [85.48686926800008, 27.13472289400005], [85.48201658000005, 27.132290144000024], [85.48045058100007, 27.130952957000034], [85.47797745500003, 27.130051644000048], [85.47478739300004, 27.12707770700007], [85.47317070600008, 27.123159831000066], [85.47408589300005, 27.120311956000023], [85.47372739400004, 27.118303206000064], [85.47095276800007, 27.114519269000027], [85.46643526800005, 27.109805894000033], [85.46456383000003, 27.108209956000053], [85.46065095500006, 27.106910519000053], [85.45929745500007, 27.105929581000055], [85.45771476800007, 27.103597269000034], [85.45307251800006, 27.101639582000075], [85.45085520600009, 27.099785332000067], [85.44949083100005, 27.094856019000076], [85.44754864300006, 27.093404957000075], [85.44507751900005, 27.090219769000043], [85.44263276800007, 27.089432644000055], [85.43944445600005, 27.09016476900007], [85.43700501800004, 27.089393269000027], [85.43428908000004, 27.085359769000036], [85.43375245600004, 27.07914708100003], [85.43420551800006, 27.07543308100003], [85.43669795600005, 27.06936995700005], [85.43589520600005, 27.06675189400005], [85.43388751800006, 27.065247144000068], [85.42744408100003, 27.06270220600004], [85.42613845600005, 27.060899207000034], [85.42637139300007, 27.054164144000026], [85.42594276800008, 27.05260489400007], [85.42427108100009, 27.051588519000063], [85.42146495600008, 27.05143183200005], [85.41771526800005, 27.049240519000023], [85.41478545500007, 27.04525158100006], [85.41387714300004, 27.042045519000055], [85.41439083100005, 27.03990595700003], [85.41420408000005, 27.037721457000032], [85.41253001800004, 27.03553395600005], [85.41064776800005, 27.03472251900007], [85.40465814300006, 27.033997207000027], [85.41296589300003, 27.03050033200003], [85.41830951800006, 27.027556332000074], [85.42194639300004, 27.026599082000075], [85.42351089300007, 27.02543933100003], [85.42856608000005, 27.023093519000042], [85.43390639300009, 27.022226894000028], [85.43453220500004, 27.018689519000077], [85.43259589300004, 27.01608520600007], [85.43443276800008, 27.012393332000045], [85.43578414300003, 27.010646706000045], [85.43825658000009, 27.010048394000023], [85.44278945600007, 27.012391394000076], [85.44512564300004, 27.01305108200006], [85.44731739300005, 27.012563831000023], [85.44805176800008, 27.01099720600007], [85.44955926800003, 27.01200601800008], [85.44837576800006, 27.017945394000037], [85.44836589300007, 27.02006858200008], [85.44930158100004, 27.02437070600007], [85.45100770500005, 27.02788414400004], [85.45090458000004, 27.03005570600004], [85.45315945600004, 27.033078456000055], [85.45437576800003, 27.031655644000068], [85.45819295500007, 27.030729457000064], [85.46121020500004, 27.02830208100005], [85.47182508100008, 27.025075581000067], [85.47475576800008, 27.024927582000032], [85.47604126800007, 27.02352645700006], [85.47461239300009, 27.020173019000026], [85.47599795500008, 27.018576832000065], [85.47979208100008, 27.01742689400004], [85.48087676900008, 27.019746206000036], [85.48308208100008, 27.021778394000023], [85.48355164300006, 27.02703051900005], [85.48585170500007, 27.033759082000074], [85.48851451900003, 27.03735676900004], [85.48944726800005, 27.039201519000073], [85.50115208000005, 27.034708832000035], [85.50305745600008, 27.037012394000044], [85.50974451900004, 27.04637451900004], [85.51190601800005, 27.050246582000057], [85.52270270600008, 27.049543519000053], [85.52229826800004, 27.05658095600006], [85.52268489300008, 27.06109520600006], [85.52406939300005, 27.064564019000045], [85.52212626800008, 27.06734814400005], [85.52290370500003, 27.06911164400003], [85.52363733100003, 27.073954394000054], [85.52330426800006, 27.075636332000045], [85.52437676800008, 27.077993957000047], [85.52475126800005, 27.082282519000046], [85.52599370600007, 27.085100081000064], [85.52908564300003, 27.089838894000025], [85.52957783100004, 27.09336151900004], [85.52886483000003, 27.094678456000054], [85.52724114300008, 27.094593769000028], [85.52297401800007, 27.093445706000068], [85.51944826800008, 27.093410832000075], [85.51903489300008, 27.094651894000037], [85.51710358100007, 27.095982956000057], [85.51831208100003, 27.097613457000023], [85.52059083100005, 27.098905457000058], [85.52282220600006, 27.101002394000034], [85.52408945600007, 27.103208769000048], [85.52828833000007, 27.104301957000075], [85.53233276800006, 27.106158332000064], [85.53311751900003, 27.11014414400006], [85.53141589300003, 27.11231714400003], [85.53092689300007, 27.115127831000052], [85.52944158100007, 27.116901394000024], [85.53177989300008, 27.118500769000036], [85.53497420600007, 27.123014957000066], [85.53587920600006, 27.12497151900004], [85.53496601800003, 27.125938894000058], [85.53446864300008, 27.129008957000053], [85.53467058100006, 27.137356769000064], [85.53305520600009, 27.140694894000035]]]}}, {"type": "Feature", "properties": {"slug": "mahottari-loharpatti", "municipality": "Loharpatti", "district": "Mahottari"}, "geometry": {"type": "Polygon", "coordinates": [[[85.91108183100005, 26.804993769000077], [85.90656483100008, 26.804979268000068], [85.90504601800006, 26.80424770700006], [85.90792076800005, 26.802302206000036], [85.90796301800003, 26.801307456000075], [85.90543276900007, 26.798279956000044], [85.90309376800008, 26.80011670600004], [85.90413389400004, 26.80214433200007], [85.90327258100007, 26.80354801900006], [85.90098858100004, 26.802898456000037], [85.89775826900006, 26.80651983200005], [85.89673614300006, 26.80845701900006], [85.89411783100007, 26.809429394000063], [85.89255314300004, 26.80610914400006], [85.89008620600003, 26.805072144000064], [85.88848283100003, 26.80634801900004], [85.88616076900007, 26.80644264400007], [85.88554845600004, 26.809075644000075], [85.88665483100004, 26.81098883100003], [85.88451320600007, 26.813481206000063], [85.88198239400003, 26.81340251900008], [85.88274383100008, 26.810770706000028], [85.88082989300005, 26.808785706000037], [85.88034895600003, 26.80651864400005], [85.88267851800003, 26.80418351900005], [85.88058120600004, 26.801851769000052], [85.87733083100005, 26.799691394000035], [85.87136389300008, 26.79680083200003], [85.86599258000007, 26.794797019000043], [85.86331301900003, 26.794360332000053], [85.86263301800005, 26.796200643000077], [85.86593670600007, 26.79931176900004], [85.86332970600006, 26.803499206000026], [85.86709501900003, 26.806108581000046], [85.86882608100007, 26.809058082000035], [85.86963933100003, 26.813430894000078], [85.86838345600006, 26.815047769000046], [85.86777701800008, 26.817768769000054], [85.86636564300005, 26.81686164300004], [85.85836339400004, 26.817059081000025], [85.85703889400008, 26.816342081000073], [85.85740639400007, 26.81496183200005], [85.85495476900007, 26.81410264300007], [85.84810920600006, 26.815678519000073], [85.84606645600007, 26.815332394000052], [85.84805226800006, 26.81428126900005], [85.84837639400007, 26.812726956000063], [85.84662120600007, 26.811460331000035], [85.84564039300005, 26.809037894000028], [85.84357826800004, 26.808883456000046], [85.84227726900008, 26.80426058100005], [85.84430220600007, 26.800912706000076], [85.84558551900005, 26.799871644000063], [85.84653845600008, 26.79770414400008], [85.84557176800007, 26.79665833100006], [85.84174633100008, 26.796248019000075], [85.84065301800007, 26.795243956000036], [85.84275908100005, 26.79178620600004], [85.84156683100008, 26.785232644000075], [85.83942726800007, 26.783585894000055], [85.84071589300004, 26.780915893000042], [85.84363239400005, 26.779707581000025], [85.84783426800004, 26.77967414400007], [85.84722620600007, 26.77627320700003], [85.84507270600005, 26.773250019000045], [85.84445551800007, 26.768930581000063], [85.84342820600006, 26.768096331000038], [85.84387908100007, 26.764476081000055], [85.84350789400008, 26.761381707000055], [85.84240308100004, 26.759208706000038], [85.83980839300006, 26.756569957000067], [85.83611414400008, 26.754262894000078], [85.83343358100007, 26.750188207000065], [85.83418364300007, 26.748601269000062], [85.83582645600006, 26.747777644000053], [85.83451139400006, 26.74539076900004], [85.84007795600007, 26.74295201900003], [85.83906383100003, 26.740475081000056], [85.84130901800006, 26.737979706000033], [85.84244089400005, 26.73494045600006], [85.84563595600008, 26.732005956000023], [85.84610058100003, 26.729198144000065], [85.84455189300007, 26.72605801900005], [85.83890101900005, 26.724831769000048], [85.83735295600007, 26.723875831000043], [85.83741101900006, 26.722612706000064], [85.83489695600008, 26.721193018000065], [85.83129370600005, 26.71833151900006], [85.83260908100004, 26.717823331000034], [85.83278020600005, 26.715604331000065], [85.83450439400008, 26.71491676900007], [85.84013964400003, 26.71593095600008], [85.84193851900005, 26.71629989400003], [85.84347720600005, 26.717580644000066], [85.84635514400009, 26.71439533100005], [85.85169639300005, 26.712152769000056], [85.85274314300005, 26.71051176900005], [85.85579595600007, 26.707943644000068], [85.85972620600006, 26.708900456000038], [85.85959414400008, 26.711309331000052], [85.86064726900008, 26.713960206000024], [85.86006364400004, 26.715036394000037], [85.86224620500008, 26.716123456000048], [85.86212570600009, 26.718130769000027], [85.86507933100006, 26.720557644000053], [85.86678514400006, 26.720447144000048], [85.86811358100005, 26.72164695600003], [85.86952514400008, 26.72518514400008], [85.87077208100004, 26.726248831000078], [85.87165483100006, 26.72891401800007], [85.87056401800004, 26.731376331000035], [85.87142070600004, 26.73421270600005], [85.87153008100006, 26.74091539400007], [85.87292995600006, 26.742616706000035], [85.87682939400008, 26.743198206000045], [85.87880039300006, 26.745646331000046], [85.87838776900008, 26.74850658200006], [85.87894983100006, 26.751236893000055], [85.87922526800008, 26.75533914300007], [85.87882983100008, 26.75791745600003], [85.88329814300005, 26.756844769000054], [85.88470839400009, 26.75956820600004], [85.89043820600006, 26.759055768000053], [85.89475264300006, 26.76221251900006], [85.89796020600005, 26.76544626900005], [85.90012958100004, 26.768527456000072], [85.89996664400007, 26.77127914400006], [85.90042695600005, 26.77369945600003], [85.90011601800006, 26.775378081000042], [85.90206301800004, 26.777882144000046], [85.90298645700005, 26.780484269000056], [85.90503208100006, 26.78235720600003], [85.90621558100008, 26.781743582000047], [85.90811433100004, 26.784515644000066], [85.91003358100005, 26.78429801900006], [85.91097533100003, 26.785040894000076], [85.91145495600006, 26.790566269000067], [85.91233914400004, 26.792973956000026], [85.91039058100006, 26.79447314400005], [85.91119020600007, 26.79779858200004], [85.91301639300008, 26.802154144000042], [85.91108183100005, 26.804993769000077]]]}}, {"type": "Feature", "properties": {"slug": "dhanusha-ganeshman-charnath", "municipality": "Ganeshman Charnath", "district": "Dhanusha"}, "geometry": {"type": "Polygon", "coordinates": [[[86.05290727300007, 27.018581083000072], [86.05111670600007, 27.018819519000033], [86.05091089400008, 27.02055795700005], [86.04911945600008, 27.020890957000063], [86.04802020600005, 27.019888519000062], [86.04446914400006, 27.01925295600006], [86.03986889300006, 27.019530769000028], [86.03266995600006, 27.020465331000025], [86.02986608100008, 27.019893206000063], [86.02763064400006, 27.020071831000052], [86.02810489400008, 27.016744519000042], [86.03123039400003, 27.011862706000045], [86.03115670600005, 27.01046539400005], [86.02944233100004, 27.009284769000033], [86.02966151900006, 27.005761644000074], [86.02820526900007, 27.00423751900007], [86.03077170600005, 27.00262826900007], [86.02967426900005, 27.001451832000043], [86.03069845600004, 26.99706545600003], [86.03193408100003, 26.99585320700004], [86.03344070600008, 26.99273376900004], [86.03195870700006, 26.991028956000036], [86.03234314400004, 26.987055644000066], [86.02930176800004, 26.986524769000027], [86.02615483100004, 26.982053269000062], [86.02573758100004, 26.98012558100004], [86.02653876800008, 26.978890019000062], [86.02645208100006, 26.97546408200003], [86.02723208100008, 26.97361008100006], [86.02567783100005, 26.971706144000052], [86.02708601800003, 26.970206269000073], [86.02584314400008, 26.968523394000044], [86.02684033100007, 26.967104144000075], [86.02706464400006, 26.964339206000034], [86.02984001900006, 26.963410644000078], [86.03100514300007, 26.961042519000046], [86.03496920600008, 26.957948956000052], [86.03299751900005, 26.95487789400005], [86.03478776900005, 26.954375644000038], [86.03482739400005, 26.95216676900003], [86.03612526900008, 26.950564519000068], [86.03610058100008, 26.94898476900005], [86.03493620600005, 26.947993019000023], [86.03763945600008, 26.947835456000064], [86.03899901800008, 26.94707076900005], [86.03908239300006, 26.944999832000065], [86.04116883100005, 26.94558945700004], [86.04149358100005, 26.947311081000066], [86.03996014400008, 26.952693769000064], [86.04057326900005, 26.95388476900007], [86.04244651900007, 26.954218018000063], [86.04520926800006, 26.956642206000026], [86.04535314300006, 26.958315206000066], [86.04825695600005, 26.959260019000055], [86.05031395600008, 26.961029456000063], [86.05151595600006, 26.962930769000025], [86.05378970600003, 26.962140457000032], [86.05585476900006, 26.959834581000052], [86.05867895600005, 26.959914394000066], [86.06039214400005, 26.95762414400008], [86.06057864400003, 26.956359519000046], [86.06322251800003, 26.954896831000042], [86.06565708200003, 26.95244208200006], [86.06810745600006, 26.95076589400003], [86.06700483100008, 26.94958295600003], [86.06382964400007, 26.94774770600003], [86.06163370600007, 26.94553295700007], [86.06096708100006, 26.943369019000045], [86.05935039300005, 26.941571081000063], [86.05825826900008, 26.937748019000026], [86.05584070600008, 26.934403519000057], [86.05510933100004, 26.931223706000026], [86.05647076900004, 26.92843251900007], [86.05638389400008, 26.92086795700004], [86.05768645600006, 26.91789808200008], [86.05764126800005, 26.915045519000046], [86.05619658100005, 26.91369320600006], [86.05566920600006, 26.910589207000044], [86.05762051900007, 26.908866956000054], [86.05920139400007, 26.908627082000066], [86.05900189400006, 26.90437439300007], [86.06151308100004, 26.903942019000056], [86.06394539400009, 26.901891207000062], [86.06572645600005, 26.899068706000037], [86.06671745600005, 26.892454644000054], [86.06547026900006, 26.889524081000047], [86.06615370700007, 26.888156706000075], [86.06792801900008, 26.887281581000025], [86.06756551900008, 26.88568383100005], [86.06625164400003, 26.88432345600006], [86.06928295700004, 26.883201644000053], [86.06917320600007, 26.881282894000037], [86.07216526900004, 26.878596956000024], [86.07124889400006, 26.87687595600005], [86.06961445600007, 26.876793018000058], [86.06838995600003, 26.873946206000028], [86.07041026900004, 26.87241158100005], [86.07053489400005, 26.870792144000063], [86.07740401900008, 26.867197331000057], [86.07866883200006, 26.86447514300005], [86.07901764400003, 26.861169269000072], [86.08042795600005, 26.859610144000044], [86.08313576900008, 26.859381769000038], [86.08842758100008, 26.85609889400007], [86.09445445600005, 26.855927706000045], [86.09605295600005, 26.85178133100004], [86.09522664400004, 26.845825457000046], [86.09533483100006, 26.842032894000056], [86.09816320600004, 26.84098583100007], [86.10038995600007, 26.837759581000057], [86.10186239400008, 26.838208956000074], [86.10407333100005, 26.836760706000064], [86.10866508100008, 26.832558644000073], [86.10960758100003, 26.83105045600007], [86.11644601800003, 26.828920206000078], [86.11800251800008, 26.82967683100003], [86.11939483100008, 26.83138245600003], [86.12677270600005, 26.839247269000055], [86.12964276900004, 26.840187894000053], [86.13475633100006, 26.840162831000043], [86.13684958200008, 26.83777008100003], [86.13915395600003, 26.836224832000028], [86.14084864400007, 26.83608395600004], [86.14466926900008, 26.83711351900007], [86.14656301900004, 26.839187519000063], [86.14729039300005, 26.842294706000075], [86.15167801800004, 26.840021644000046], [86.15300251800005, 26.837188518000062], [86.15540851900005, 26.83920451800003], [86.15685989400004, 26.841815019000023], [86.15745176800004, 26.844736269000066], [86.15602833200006, 26.846792581000045], [86.15562558200008, 26.851231144000053], [86.15184851800007, 26.852970957000025], [86.14672651900008, 26.85584433100007], [86.14499283100008, 26.86092470600005], [86.14217876800006, 26.863728394000077], [86.14239883100004, 26.866202956000052], [86.14397633100003, 26.86969670600007], [86.14292514400006, 26.872863081000048], [86.13968720700007, 26.877065456000025], [86.13712408100008, 26.88278151800006], [86.13676901900004, 26.885636143000056], [86.13733401900004, 26.88696195600005], [86.13415639400006, 26.88922845600007], [86.13340251900007, 26.891137394000054], [86.13351426800006, 26.892981706000057], [86.13564151800006, 26.896223831000043], [86.13654120600006, 26.898551394000037], [86.13524539400004, 26.901431831000025], [86.13431170600006, 26.904876393000052], [86.13420039400006, 26.909156456000062], [86.13485045600004, 26.91464839400004], [86.13609920600004, 26.91669595600007], [86.13830158200005, 26.91743826900006], [86.13975033100007, 26.919969957000035], [86.14189114300007, 26.92083145600003], [86.14299970600007, 26.923509956000032], [86.14588445700008, 26.92680845600006], [86.15022439400008, 26.92929433100005], [86.15205139300008, 26.931884582000066], [86.15458251900003, 26.933831394000038], [86.15722389400008, 26.934815206000053], [86.15946008200007, 26.93497751900003], [86.16117383100004, 26.93364733100003], [86.15983258100005, 26.929645206000032], [86.16087320700007, 26.925654956000074], [86.16553133100007, 26.924161706000064], [86.16867658100006, 26.922580331000063], [86.17342095700008, 26.919622769000057], [86.17887664300008, 26.915136957000072], [86.18087845600007, 26.91414214400004], [86.18357758100007, 26.910743581000077], [86.18920408100007, 26.906140957000048], [86.19429333100004, 26.90385258200007], [86.20231533100008, 26.905191143000025], [86.20373814400006, 26.90403026900003], [86.20603976900009, 26.89973539400006], [86.21028183200008, 26.89902126900006], [86.21600689400003, 26.89713051900003], [86.21825008200005, 26.895899581000037], [86.21868058200005, 26.89249901900007], [86.22045214400003, 26.889929519000077], [86.22334914400005, 26.888160519000053], [86.22559239400005, 26.88923570700007], [86.22631014400008, 26.89245751900006], [86.22446520700004, 26.898813269000073], [86.22509551800005, 26.90110489400007], [86.22687533100003, 26.903651081000078], [86.23101426900007, 26.903709769000045], [86.23846514300004, 26.903014518000077], [86.23995614300009, 26.903306831000066], [86.24431464300005, 26.905316081000024], [86.24567976900005, 26.90822533100004], [86.24665845600003, 26.911660582000025], [86.24860195600007, 26.914771519000055], [86.25081914400005, 26.914155957000048], [86.25475751900007, 26.911227457000052], [86.25881639400006, 26.911409019000075], [86.26160939400006, 26.914109019000023], [86.26204139400005, 26.918798207000066], [86.25981239400005, 26.92065726900006], [86.25918726800006, 26.922942207000062], [86.25963295600008, 26.924332331000073], [86.25933945600008, 26.92691233200003], [86.26028351800005, 26.92802983100006], [86.25759945700008, 26.932237831000066], [86.25496733100005, 26.933417706000057], [86.25322889400007, 26.935272394000037], [86.25017670600005, 26.936267206000025], [86.24688083200004, 26.937978206000025], [86.24543314400006, 26.939340207000043], [86.24320570600008, 26.94004814400006], [86.24213651900004, 26.941940206000027], [86.23952489400006, 26.943932269000072], [86.23763608200005, 26.94669764400004], [86.23751326900003, 26.94890620700005], [86.23653995600006, 26.95012851900003], [86.23493933200007, 26.950178519000076], [86.23106858100005, 26.94889376900005], [86.22793445600007, 26.949865018000025], [86.22717851900006, 26.95173389400003], [86.22544289400008, 26.95219820600005], [86.22472189400008, 26.95387539400008], [86.22285389400008, 26.95472264400007], [86.22136820600008, 26.95621733100006], [86.21863364300003, 26.96001133200008], [86.21701901900008, 26.960516832000053], [86.21604951900008, 26.962560456000062], [86.21171795600009, 26.965754144000073], [86.20672401900003, 26.96771420700003], [86.20451808200005, 26.969416769000077], [86.20155245600006, 26.969867082000064], [86.19666533100008, 26.973878581000065], [86.19478626900008, 26.974923956000055], [86.19469701900005, 26.97679864400004], [86.19361758100007, 26.978324644000054], [86.18986001900004, 26.976996582000027], [86.18936326900007, 26.978124269000034], [86.19043045600006, 26.98038920700003], [86.18971095600006, 26.98220383200004], [86.18819608100006, 26.981955956000036], [86.18336358100004, 26.984110143000066], [86.18122951800007, 26.98410676900005], [86.17873601900004, 26.98633526900005], [86.17659983100003, 26.986571019000053], [86.17211976900006, 26.988828394000052], [86.16953764400006, 26.988472456000068], [86.16589533100006, 26.991312269000048], [86.15625651900007, 26.993649081000058], [86.14973208200007, 26.996960831000024], [86.14710714400007, 26.997463956000047], [86.14456839300004, 26.998849894000045], [86.14272214400006, 26.998971831000063], [86.13902020700004, 27.001535206000028], [86.13405783100006, 27.003558269000052], [86.12843995600008, 27.006603769000037], [86.12256964300008, 27.008627519000072], [86.11733964400008, 27.011219206000078], [86.11418670600005, 27.011993706000055], [86.10822939400003, 27.015074644000038], [86.10341508100004, 27.016161019000037], [86.10206826900009, 27.017048269000043], [86.09926133100004, 27.01714095600005], [86.09721576900006, 27.01781383100007], [86.09483501900007, 27.017816581000034], [86.09270364400004, 27.01858589300008], [86.08904570600004, 27.01886689400004], [86.08543801800005, 27.018153019000067], [86.08229189300005, 27.018055831000027], [86.08015789400008, 27.01869626900003], [86.07466795600004, 27.01843920600004], [86.07130126900006, 27.01884351900003], [86.06551576900006, 27.018297519000043], [86.06338601900006, 27.018380394000076], [86.05810895600007, 27.01786908100007], [86.05290727300007, 27.018581083000072]]]}}, {"type": "Feature", "properties": {"slug": "kapilvastu-maharajgunj", "municipality": "Maharajgunj", "district": "Kapilvastu"}, "geometry": {"type": "Polygon", "coordinates": [[[82.99281032800008, 27.549271644000044], [82.99310357800005, 27.553201957000056], [82.99365914100008, 27.554715395000073], [82.99305451500004, 27.556364957000028], [82.99520001600007, 27.558569145000035], [82.99487676500007, 27.56094264400008], [82.99070439100007, 27.561559895000073], [82.98995095300006, 27.56407026900007], [82.99139526600004, 27.565987394000047], [82.99243820400005, 27.56864827000004], [82.99211514100006, 27.57186120700004], [82.99132126600006, 27.573457457000075], [82.98802095400004, 27.577321019000067], [82.98436726600005, 27.579489832000036], [82.98145420300006, 27.57966695700003], [82.97747926600005, 27.578942769000037], [82.97200032800004, 27.578782769000043], [82.97174107800004, 27.582079582000063], [82.97079551600007, 27.58533970700006], [82.97275495400004, 27.58584833200007], [82.97517382800004, 27.585223145000043], [82.97704082800004, 27.585394832000077], [82.97826932800007, 27.586689957000033], [82.97794932800008, 27.588296395000043], [82.97559489000008, 27.591449082000054], [82.97490576600006, 27.59402970700006], [82.97390895300003, 27.59531745700008], [82.97040957800004, 27.59551270700007], [82.96868045400004, 27.59621958200006], [82.96779470300004, 27.599495895000075], [82.96914701600008, 27.600931957000057], [82.97232420300008, 27.60254164400004], [82.97198145300007, 27.604258395000045], [82.96693157800007, 27.60541220700003], [82.96275920400006, 27.60673495700007], [82.96037732800005, 27.605167019000078], [82.96049264100003, 27.60180377000006], [82.95900707800007, 27.59695514400005], [82.95585845300008, 27.598880894000047], [82.95300501600008, 27.599653645000046], [82.94768101600005, 27.602034394000043], [82.94492251500003, 27.602464707000024], [82.94206220300003, 27.59975577000006], [82.93773570300004, 27.594169957000076], [82.93778432800008, 27.591162707000024], [82.94052095300003, 27.588469332000045], [82.93751745400004, 27.58810801900006], [82.93653164100004, 27.586144207000075], [82.93419426600008, 27.58597958200005], [82.92287814000008, 27.587167082000065], [82.92235626600007, 27.58569645700004], [82.92041539000007, 27.584546457000044], [82.91876376500005, 27.589664395000057], [82.91652889000005, 27.592282269000066], [82.91247207800006, 27.594294707000074], [82.90415301500008, 27.59222127000004], [82.90392795300005, 27.589065207000033], [82.90471157800005, 27.587902645000042], [82.90150214100004, 27.587229707000063], [82.89876364100007, 27.587296082000023], [82.89721157900004, 27.586257144000058], [82.89650639000007, 27.58415770700003], [82.89755307800004, 27.582875457000057], [82.89700707800006, 27.580247082000028], [82.89594876500007, 27.579694895000046], [82.88852851500008, 27.579335644000025], [82.88751139000004, 27.576272520000032], [82.88468520300006, 27.575963269000056], [82.88220851500006, 27.57364651900008], [82.87365445300009, 27.569504894000033], [82.87150870300007, 27.56813145700005], [82.87112451600007, 27.565903707000075], [82.86957970300006, 27.563404707000075], [82.87034182800005, 27.559478269000067], [82.86897951500004, 27.55777051900003], [82.86690520400003, 27.556338894000078], [82.86569451600008, 27.554668457000048], [82.86247607800004, 27.552622770000028], [82.86172507800006, 27.551556207000033], [82.86229832800007, 27.54644145700007], [82.86167514100003, 27.544340270000077], [82.86382689100003, 27.54178126900007], [82.86562657800005, 27.54184783200003], [82.87469964000007, 27.54053170700007], [82.87934914000004, 27.53958558200003], [82.88217789100008, 27.538554645000033], [82.88339407900008, 27.539936270000055], [82.88786257800007, 27.541750019000062], [82.89087064000006, 27.541507770000067], [82.89288651500004, 27.540407019000043], [82.89389914100008, 27.539041019000024], [82.89572245300008, 27.53446395700007], [82.89099264100008, 27.533990894000056], [82.89014451600008, 27.532402457000046], [82.89238964000003, 27.52940595700005], [82.89731807900006, 27.52840726900007], [82.89971957800003, 27.525084770000035], [82.89902132800006, 27.52350208200005], [82.89916651600004, 27.52045270700006], [82.89720576500008, 27.518772082000055], [82.89597832800007, 27.51575920700003], [82.89375120300008, 27.51346039400005], [82.89320432800008, 27.511840582000048], [82.89503039000004, 27.510523895000063], [82.89549851500004, 27.50629033200005], [82.89475414100008, 27.504896769000027], [82.89417770300008, 27.501492020000057], [82.89483514100004, 27.499640269000054], [82.89997251600005, 27.49994952000003], [82.91529395300006, 27.501161832000037], [82.92713070400004, 27.501152082000033], [82.93142289100007, 27.50099558200003], [82.94154764100006, 27.491156457000045], [82.94674089100005, 27.476866019000056], [82.95620432800007, 27.467760957000053], [82.96284582800007, 27.465824957000052], [82.96564770300006, 27.467251456000042], [82.96781801500003, 27.46920345700005], [82.96875414100003, 27.47074920700004], [82.96796582800005, 27.471598520000043], [82.96272232800004, 27.472123645000067], [82.96179707800007, 27.47337126900004], [82.96223351500004, 27.476343832000055], [82.96441332800003, 27.47907895700007], [82.96410070300004, 27.483149269000023], [82.96514639000003, 27.486859707000065], [82.97083720400008, 27.48890551900007], [82.97244407800008, 27.490176457000075], [82.97521776500008, 27.49444995700003], [82.97595026500005, 27.497736082000074], [82.97542251500005, 27.50069252000003], [82.97427032800005, 27.502624457000024], [82.97228989000007, 27.50408545700003], [82.96788595300006, 27.50546758200005], [82.95828207800008, 27.506016457000044], [82.95729976600006, 27.506900332000043], [82.95973401500004, 27.51095964500007], [82.96239207800005, 27.513393707000034], [82.96552345300006, 27.51465126900007], [82.96884495300003, 27.513786957000036], [82.97410989100007, 27.510028457000033], [82.97790557800005, 27.509038832000044], [82.98255170400006, 27.508502019000048], [82.98534045300005, 27.508567519000053], [82.98772164100006, 27.51024552000007], [82.99261657800008, 27.515278832000035], [82.99469057800007, 27.517744207000078], [82.99600051600004, 27.519669269000076], [82.99685332800004, 27.522890707000045], [82.99624295300003, 27.527836644000047], [82.99499445300006, 27.529657519000068], [82.99108164100005, 27.532226207000065], [82.98726226500008, 27.53552195700007], [82.98629289100006, 27.537994582000067], [82.98742257800006, 27.542192769000053], [82.98989889100005, 27.544478395000056], [82.99281032800008, 27.549271644000044]]]}}, {"type": "Feature", "properties": {"slug": "kapilvastu-sudhodhan-rm", "municipality": "Sudhodhan RM", "district": "Kapilvastu"}, "geometry": {"type": "Polygon", "coordinates": [[[83.22154964100008, 27.58769383200007], [83.21717364100004, 27.588197270000023], [83.21472226600008, 27.58564951900007], [83.21275307900004, 27.585498519000055], [83.20507539100004, 27.583408207000048], [83.20159564100004, 27.585488957000052], [83.19755401600008, 27.585718332000056], [83.19279814100008, 27.586787394000055], [83.19002889100005, 27.58682314500004], [83.19146351600006, 27.590841082000054], [83.18010470300004, 27.595621144000063], [83.17841726600005, 27.59278170700003], [83.17791301600005, 27.589840894000076], [83.17638326600007, 27.586126894000074], [83.17356470300007, 27.58635151900006], [83.17101120400008, 27.585706832000028], [83.16666670400008, 27.586466082000072], [83.16636757900005, 27.58792408200003], [83.16210239100008, 27.589065020000078], [83.16237782800005, 27.591767520000076], [83.16122814100004, 27.596036394000066], [83.16204820400003, 27.59718758200006], [83.16116420300006, 27.598615020000068], [83.15906070400007, 27.595382457000028], [83.15605976600006, 27.59269495700005], [83.15614707800006, 27.590060082000036], [83.15488489100005, 27.587996832000044], [83.15475026600006, 27.58623383200006], [83.15677082800005, 27.582888645000025], [83.15683701600005, 27.578951707000044], [83.15572039100005, 27.578976457000067], [83.15463457900006, 27.57613589500005], [83.15414432800003, 27.573445582000033], [83.15582282900004, 27.572002707000024], [83.15545570300003, 27.570136707000074], [83.15767982800008, 27.568403832000058], [83.15959507800005, 27.568230394000068], [83.15883526500005, 27.56289395700003], [83.16494195300004, 27.561563457000034], [83.16221545300004, 27.558503207000058], [83.16323651600004, 27.554071082000064], [83.16313732800006, 27.549756332000072], [83.16389320400003, 27.547059957000045], [83.16473657800003, 27.536588707000078], [83.16585001600004, 27.53354027000006], [83.16639582900007, 27.528672020000045], [83.16288745400004, 27.522768519000067], [83.16239639100007, 27.520222706000027], [83.16120057800003, 27.51767245700006], [83.15899639100007, 27.51663927000004], [83.15761932900006, 27.514810082000054], [83.15942795400008, 27.504195707000065], [83.16003607900007, 27.503007957000023], [83.16308695300006, 27.50000058200004], [83.16403520300008, 27.496700644000043], [83.16562370300005, 27.495649644000025], [83.16545114100006, 27.494209082000054], [83.16643314100008, 27.492333145000032], [83.16730195400004, 27.48863558200003], [83.16884926600005, 27.486566707000065], [83.16862820400007, 27.47986839400005], [83.17062326600006, 27.478332395000052], [83.17014282800005, 27.477072707000048], [83.17699007800007, 27.47576851900004], [83.18143589100004, 27.47598201900007], [83.18374020400006, 27.473732394000024], [83.18428345400008, 27.471589707000078], [83.18406132800004, 27.468828832000042], [83.18303501600008, 27.466823645000034], [83.18321714100006, 27.465109832000053], [83.18146614100004, 27.462046644000054], [83.18160739100006, 27.460770394000065], [83.18019345300007, 27.45930439500006], [83.17899026600008, 27.459396581000078], [83.17719845300007, 27.457763707000026], [83.17463170400003, 27.457195644000024], [83.17602839000006, 27.455619957000067], [83.18010895300006, 27.454865582000025], [83.18988020300003, 27.454236770000023], [83.19801151600007, 27.44589902000007], [83.20162870300004, 27.44000802000005], [83.20723195300008, 27.431614457000023], [83.21252245300008, 27.424141832000032], [83.21903845300005, 27.41767545700003], [83.22053701600004, 27.418218582000065], [83.22482514100005, 27.421135269000047], [83.22561307800004, 27.423689395000054], [83.22517695300007, 27.42485133200006], [83.23029307800005, 27.428812582000035], [83.23230801600005, 27.429401394000024], [83.23331589100007, 27.43057576900003], [83.23179357800007, 27.434486770000035], [83.22929189100006, 27.435242394000056], [83.22635307900003, 27.437872895000055], [83.22308770400008, 27.438100707000046], [83.22201389100007, 27.440475270000036], [83.21969276600004, 27.442405019000034], [83.21903114100007, 27.444908207000026], [83.21992545400008, 27.446352895000075], [83.21919182800008, 27.44925051900003], [83.22101214100007, 27.450716081000053], [83.21973320400008, 27.452608832000067], [83.22171339100004, 27.454005331000076], [83.22449476600008, 27.45456239400005], [83.22556357800005, 27.456587832000025], [83.22590532900006, 27.459581769000067], [83.22700320300004, 27.460443019000024], [83.22744770300005, 27.463040395000064], [83.22841714100008, 27.463896457000033], [83.22825164100004, 27.466833394000048], [83.22937020400008, 27.468822894000027], [83.22838001500008, 27.469417707000048], [83.22610245300007, 27.46847989400004], [83.22550657800008, 27.470942894000075], [83.22648564100007, 27.472162269000023], [83.22328926600005, 27.472681520000037], [83.22260295300003, 27.47422558200003], [83.22405070400004, 27.477065457000037], [83.22394026600006, 27.479201645000046], [83.22104026600005, 27.47980814400006], [83.22318576600009, 27.48135458200005], [83.22166001600004, 27.48244945700003], [83.22491820400006, 27.485601769000027], [83.22374064100006, 27.488636832000054], [83.22486726600005, 27.489403520000053], [83.22315732900006, 27.49131195700005], [83.22424182900005, 27.492572519000078], [83.22612164100008, 27.49225589400004], [83.22624232900006, 27.49503189400008], [83.22910114100006, 27.494386645000077], [83.22997664100006, 27.497074395000027], [83.23194932900003, 27.501232644000027], [83.23029251600008, 27.501861957000074], [83.22915439100007, 27.504459582000038], [83.23155195400005, 27.506666082000038], [83.23277557800003, 27.511810645000025], [83.23367482900005, 27.51237745700007], [83.23335595300006, 27.514889332000052], [83.23428832900004, 27.516203207000046], [83.23281714100006, 27.518043144000046], [83.23234345400004, 27.520147957000063], [83.23051076600007, 27.522416832000033], [83.22958370300006, 27.522517707000077], [83.22925970300008, 27.525144582000053], [83.22722145300008, 27.527195645000063], [83.22593945300008, 27.529634457000043], [83.22691407800005, 27.53096889400007], [83.22645051600006, 27.532825582000044], [83.22337857900004, 27.534439832000032], [83.22245695300006, 27.535955520000073], [83.22252345400005, 27.53796408200003], [83.22044426600007, 27.539439394000055], [83.21871745300007, 27.541731207000055], [83.21919951600006, 27.54663933200004], [83.21619864100006, 27.54761527000005], [83.21661276600008, 27.549544582000067], [83.21456070300007, 27.549878144000047], [83.21266295400005, 27.55115808200003], [83.21265864100008, 27.552825519000066], [83.21132182900004, 27.55402739400006], [83.21055657800008, 27.55593645700003], [83.20785907800007, 27.556309207000027], [83.20626251600004, 27.55964858200008], [83.20836982800006, 27.56161458200006], [83.20899420400008, 27.563129957000058], [83.21078101600006, 27.56403139500003], [83.21030820300007, 27.565089207000028], [83.21125764100003, 27.568860457000028], [83.20866845300003, 27.56997395700006], [83.21091620300007, 27.57407077000005], [83.21363820300007, 27.575467144000072], [83.21379170300008, 27.577995145000045], [83.21506576600007, 27.579062832000034], [83.21637389100005, 27.58500902000003], [83.21886782900003, 27.58486739400007], [83.22070914100004, 27.585732894000046], [83.22154964100008, 27.58769383200007]]]}}, {"type": "Feature", "properties": {"slug": "kapilvastu-bijayanagar-rm", "municipality": "Bijayanagar RM", "district": "Kapilvastu"}, "geometry": {"type": "Polygon", "coordinates": [[[82.82397789000004, 27.572247395000034], [82.82159845300004, 27.57502495700004], [82.82202376600003, 27.576635020000026], [82.82496789000004, 27.578927457000077], [82.82512639000004, 27.579770394000036], [82.82349745300007, 27.583932895000032], [82.82506826500008, 27.589110645000062], [82.82686651600005, 27.59066239400005], [82.83060076600003, 27.590441145000057], [82.83202320300006, 27.591529395000066], [82.83230782800007, 27.597170082000048], [82.83077389000005, 27.600913770000034], [82.83419489000005, 27.60330708200007], [82.83577670300008, 27.605274207000036], [82.83539145300006, 27.606703707000065], [82.83359407800003, 27.607846020000068], [82.82919795300006, 27.61210939500006], [82.82788157800007, 27.61560670700004], [82.82790051600006, 27.61730808200008], [82.82965151600007, 27.619450457000028], [82.82925382800005, 27.62173939400003], [82.82793376500007, 27.623995769000032], [82.82779451600004, 27.627737645000025], [82.82694020300005, 27.63194958200006], [82.82990445300004, 27.63181439500005], [82.83169770300003, 27.632506394000075], [82.83265126600008, 27.634887957000046], [82.83219157900004, 27.637020707000033], [82.83025195400006, 27.637550394000073], [82.82760301600007, 27.636639082000045], [82.82367557800006, 27.636569707000035], [82.82261032800005, 27.637512770000058], [82.82220120300008, 27.64058226900005], [82.82449164000008, 27.642560082000045], [82.82422676500005, 27.64458389400005], [82.81912107800008, 27.64794514400006], [82.81556926600007, 27.652163270000074], [82.81623739100007, 27.65353170700007], [82.81796989000009, 27.65389170700007], [82.81985639100003, 27.655597707000027], [82.81796726500005, 27.65734139400007], [82.81427657800003, 27.65745883200003], [82.81202207800004, 27.659237707000045], [82.81178745300008, 27.66074958200005], [82.80761739000008, 27.661417707000055], [82.80606814100008, 27.66337402000005], [82.80312214100007, 27.66553033200006], [82.80191370300008, 27.669274207000058], [82.79272876500005, 27.672727707000035], [82.79574914000005, 27.677399457000035], [82.79441732800007, 27.681866394000053], [82.79256470300004, 27.686491207000074], [82.79154764000003, 27.687996270000042], [82.78793364100005, 27.690737519000038], [82.78634982800008, 27.696289644000046], [82.78410207800005, 27.699257145000047], [82.78357195300003, 27.702862332000052], [82.78146607800005, 27.707329082000058], [82.77872451600007, 27.709651332000078], [82.77855326600007, 27.712788145000047], [82.77788751500003, 27.714686457000028], [82.77819614000003, 27.718274207000036], [82.77698464100007, 27.72113333200008], [82.77173570300005, 27.72531945700007], [82.76913957800008, 27.728486582000073], [82.76625370300007, 27.730687707000072], [82.76589520300007, 27.733051207000074], [82.76895757800008, 27.734551769000063], [82.76937345300007, 27.73559551900007], [82.76653576600006, 27.73699389500007], [82.76517882800005, 27.739043895000066], [82.76525139000006, 27.74264539400008], [82.76387414100003, 27.74465689400006], [82.76398039000009, 27.748527082000066], [82.76532839100008, 27.749310707000063], [82.76456876500004, 27.753387582000073], [82.76329976500006, 27.754732207000075], [82.76281964000003, 27.75816626900007], [82.76435307800006, 27.758531894000043], [82.76479914100008, 27.759997894000037], [82.76151145300008, 27.761308644000053], [82.75966695300008, 27.760608457000046], [82.75893995300004, 27.76242714400007], [82.75737764100006, 27.761637020000023], [82.75670139100004, 27.76322833200004], [82.75324445300004, 27.76449445700007], [82.75505101600004, 27.765690707000033], [82.75251345300006, 27.76642814400003], [82.74907370300008, 27.769090894000044], [82.74697514100006, 27.769552395000062], [82.74405851500006, 27.769433458000037], [82.74043801500005, 27.76981564500005], [82.73795882800005, 27.769461394000075], [82.73603257800005, 27.77053802000006], [82.73337532800008, 27.77417083200004], [82.73388782800004, 27.771093707000034], [82.73309151600006, 27.766705020000074], [82.72800020300008, 27.764521708000075], [82.72741745300004, 27.76305889400004], [82.72580582800003, 27.76178058200003], [82.72573557800007, 27.758804145000056], [82.72376464100006, 27.757874395000044], [82.72010251500006, 27.758666332000075], [82.71728857800008, 27.757421957000076], [82.71404795300003, 27.75771227000007], [82.71212376500006, 27.759666207000066], [82.70833776600006, 27.75944814500008], [82.70505126500007, 27.75822839500006], [82.70159689000008, 27.758577269000057], [82.69806032800005, 27.756504520000078], [82.69852970300008, 27.75497026900007], [82.70107932800005, 27.753141957000025], [82.70153876500007, 27.75099620700007], [82.70369064000005, 27.749843207000026], [82.70376314100008, 27.747682519000023], [82.70284064000003, 27.745117707000077], [82.70537926500003, 27.742639457000053], [82.70581139000006, 27.738796832000048], [82.70816357800004, 27.735443645000032], [82.70784151600003, 27.73147433200006], [82.70859557800009, 27.72894327000006], [82.70814757800008, 27.726484394000067], [82.71009439100004, 27.724666082000056], [82.70996057800005, 27.721707020000053], [82.70960832800006, 27.717223082000032], [82.70799607700008, 27.713176395000062], [82.70720764100008, 27.705622207000033], [82.70905614100008, 27.699067332000027], [82.71276095300004, 27.694418082000027], [82.71765601500005, 27.691641082000046], [82.72024795300007, 27.687272332000077], [82.71678214000008, 27.68086214400006], [82.71721295300006, 27.679537269000036], [82.71623132800005, 27.67700133200003], [82.71824001600004, 27.675059332000046], [82.71793976500004, 27.672367207000036], [82.71517226600008, 27.67074870700003], [82.71548957800007, 27.669542395000065], [82.71738601500005, 27.668871832000036], [82.71737470300008, 27.666667457000074], [82.71370457800003, 27.66491201900004], [82.71507989000008, 27.662921269000037], [82.71838526500005, 27.66190727000003], [82.72177370300005, 27.66164752000003], [82.72113901500006, 27.659493832000067], [82.72142351600007, 27.657610332000047], [82.72288395300006, 27.657179332000055], [82.72587776500006, 27.658953144000066], [82.72754426500006, 27.658232957000052], [82.72915814100008, 27.655271894000066], [82.73077332800005, 27.654569207000065], [82.73261245300006, 27.652081707000036], [82.73233564000003, 27.65062845700004], [82.73337351600009, 27.64862320700007], [82.73280214100004, 27.647742582000035], [82.73063257700005, 27.647720457000048], [82.73050489000008, 27.645043457000043], [82.73297920300007, 27.644993957000054], [82.73458720300005, 27.646278832000064], [82.73528589100005, 27.642587332000062], [82.73793420300007, 27.643132645000037], [82.73978926500007, 27.63947195700007], [82.73944295300004, 27.636862957000062], [82.73705982800004, 27.635765082000034], [82.73860232800007, 27.632927332000065], [82.74017726600005, 27.63219483200004], [82.73921657800008, 27.63055714500007], [82.73581295300005, 27.628969394000023], [82.73589501600009, 27.62778114500003], [82.73853132800008, 27.626275457000077], [82.73671989000007, 27.62422620700005], [82.73363132800006, 27.624500332000025], [82.73317845300005, 27.623268832000065], [82.73715145300008, 27.622601145000033], [82.73805764000008, 27.620752582000023], [82.73602951500004, 27.62028964500007], [82.73525076500005, 27.61796320700006], [82.73714545200005, 27.615893519000053], [82.73652345300007, 27.614527332000023], [82.73822232800006, 27.611248707000072], [82.73685689100006, 27.609472019000066], [82.73799451500008, 27.60789402000006], [82.74436651500008, 27.604299082000068], [82.74560482800007, 27.601706644000046], [82.74736320300008, 27.600134207000053], [82.74663170200006, 27.59606420700004], [82.74688114000008, 27.59514589500003], [82.75172195300007, 27.593644020000056], [82.75675707700003, 27.589156519000028], [82.75778689100008, 27.587575145000073], [82.75725220300006, 27.586094769000056], [82.75438257800005, 27.58468601900006], [82.75280870300008, 27.579647394000062], [82.75300139000007, 27.576975520000076], [82.75068801500004, 27.575549082000066], [82.75108189100007, 27.573720644000048], [82.74975214100004, 27.57110502000006], [82.75050307800007, 27.569719707000047], [82.75298626600005, 27.567230832000064], [82.75340032800005, 27.565479269000036], [82.75239695300007, 27.563899957000046], [82.74989601500005, 27.56260045700003], [82.75248139100006, 27.56188814500007], [82.75590507800007, 27.559886019000032], [82.76248282800003, 27.559789082000066], [82.76532870300008, 27.559144332000074], [82.76838126600006, 27.55756045700008], [82.76931214000007, 27.555497519000028], [82.77316257800004, 27.553690520000032], [82.77584820300007, 27.558429707000073], [82.77841776500009, 27.559120144000076], [82.78359426600008, 27.559337019000054], [82.78645876500008, 27.558881519000067], [82.79371170300004, 27.559729770000047], [82.79472170300005, 27.561308894000035], [82.79711357800005, 27.56319552000008], [82.80216251500008, 27.560987457000067], [82.80315651500007, 27.55900377000006], [82.80250807800007, 27.55769408200007], [82.80490814000007, 27.555032082000025], [82.80654589100004, 27.554698707000057], [82.80783995300004, 27.552755957000045], [82.81078882800006, 27.550825019000058], [82.81725095300004, 27.54968889400004], [82.82004689100006, 27.549520894000068], [82.82368957800009, 27.55033695700007], [82.82385720300005, 27.55227420700004], [82.82567170300007, 27.55640945700003], [82.82670101500008, 27.559809269000027], [82.82665120300004, 27.56330826900006], [82.82441664100008, 27.570188957000028], [82.82397789000004, 27.572247395000034]]]}}, {"type": "Feature", "properties": {"slug": "kapilvastu-kapilvastu", "municipality": "Kapilvastu", "district": "Kapilvastu"}, "geometry": {"type": "Polygon", "coordinates": [[[83.14242726600008, 27.60196626900006], [83.13964426500007, 27.602420645000052], [83.14037126600005, 27.605092144000025], [83.13806932800009, 27.607212332000074], [83.13868057800005, 27.608842957000036], [83.13879551600007, 27.611844645000076], [83.14106857800004, 27.615784769000072], [83.14166220400006, 27.617952270000046], [83.14056670400004, 27.619926582000062], [83.14089220300008, 27.62630045700007], [83.14062732900004, 27.630412144000047], [83.13572520300005, 27.63131583200004], [83.13268764100008, 27.632303207000064], [83.13153664100008, 27.634006270000043], [83.12958164100007, 27.632766582000045], [83.12745026600004, 27.629736394000076], [83.11807832800008, 27.630803082000057], [83.11581301600006, 27.62986358200004], [83.11768414000005, 27.636834020000038], [83.11711501600007, 27.63845495700008], [83.11343220300006, 27.639302395000072], [83.10953632900004, 27.638907395000047], [83.10786251600007, 27.64058664500004], [83.10602639100006, 27.643636645000072], [83.10341701600004, 27.643161769000073], [83.10197607800006, 27.64585776900003], [83.09885945300005, 27.64941383200005], [83.09641976600005, 27.64816145700007], [83.09307970300006, 27.64770870700005], [83.09123832800003, 27.646584270000062], [83.09001514100004, 27.64478476900007], [83.08961907800006, 27.64254614400005], [83.08857326600008, 27.641399832000047], [83.07792214100004, 27.64125045700007], [83.06677276500005, 27.64036126900004], [83.06580045300007, 27.639732020000054], [83.06750920400003, 27.63670202000003], [83.06724464100006, 27.635247207000077], [83.06477814100003, 27.63336464400004], [83.06303389000004, 27.632678207000026], [83.06555607800004, 27.630578832000026], [83.06330826600004, 27.630283832000032], [83.06499995400003, 27.62789902000003], [83.06698507800007, 27.62754014500007], [83.06732126600008, 27.625240957000074], [83.06937776600006, 27.624598207000076], [83.07082957800003, 27.622360644000025], [83.07086376500007, 27.620970957000054], [83.06699714000007, 27.621001394000075], [83.06798770300009, 27.618298269000036], [83.06702532800006, 27.616407770000023], [83.06889726600008, 27.61454308200007], [83.07443664100003, 27.612867582000035], [83.07547720300005, 27.60987814500004], [83.07076932800004, 27.607473019000054], [83.06878176500004, 27.604494895000073], [83.06859582800007, 27.60259833200007], [83.07102395300006, 27.597515332000057], [83.07106295400007, 27.595225395000057], [83.06851832900009, 27.591690769000024], [83.06487664100007, 27.589924457000052], [83.06299745400008, 27.589631894000036], [83.05725320300007, 27.589536644000077], [83.05597564100003, 27.588381769000023], [83.05558176600005, 27.586251332000074], [83.05575507800006, 27.582130207000034], [83.05466782900004, 27.580270394000024], [83.05243832900004, 27.578632895000055], [83.04418482900007, 27.576168832000064], [83.04003982800003, 27.57240377000005], [83.03790051600004, 27.57221976900007], [83.03599239100004, 27.573034582000048], [83.03204357800007, 27.57317183200007], [83.02753289100008, 27.571881332000032], [83.02351957800005, 27.571232645000066], [83.02170295300004, 27.57021583200003], [83.02016257800005, 27.566894957000045], [83.01741476500007, 27.562417082000024], [83.01664095400008, 27.559085769000035], [83.01494282900006, 27.555314707000036], [83.01505076600006, 27.55115708200003], [83.01436307900008, 27.547900895000055], [83.01257839100003, 27.547039832000053], [83.00752495300003, 27.548942020000027], [83.00210807800005, 27.54959589400005], [82.99764201600004, 27.549252457000023], [82.99281032800008, 27.549271644000044], [82.98989889100005, 27.544478395000056], [82.98742257800006, 27.542192769000053], [82.98629289100006, 27.537994582000067], [82.98726226500008, 27.53552195700007], [82.99108164100005, 27.532226207000065], [82.99499445300006, 27.529657519000068], [82.99624295300003, 27.527836644000047], [82.99685332800004, 27.522890707000045], [82.99600051600004, 27.519669269000076], [82.99469057800007, 27.517744207000078], [83.00470320300008, 27.51518308200008], [83.00770982800003, 27.514760082000066], [83.01591451600007, 27.512284457000078], [83.01683957800003, 27.511135832000036], [83.01285426600003, 27.506572332000076], [83.01764257800005, 27.505920332000073], [83.01752095400008, 27.501566957000023], [83.01374932900006, 27.497792520000075], [83.01130326600008, 27.497235894000028], [83.01049014100005, 27.49577927000007], [83.01081470300005, 27.494206707000046], [83.01315545300008, 27.49363214500005], [83.01657182900004, 27.491291707000073], [83.01898107800008, 27.48803245700003], [83.02529739100004, 27.484254582000062], [83.02843007800004, 27.48525127000005], [83.02890082800008, 27.48620895700003], [83.03216401600008, 27.486247519000074], [83.03417701600006, 27.48900745700007], [83.03660364000007, 27.488739957000064], [83.03739626500004, 27.489679582000065], [83.03749526600006, 27.494258394000042], [83.04036657900008, 27.49757470700007], [83.04089614100008, 27.502021144000025], [83.03810101600004, 27.505203582000036], [83.03772845300006, 27.51032289400007], [83.04120095400003, 27.51392770700005], [83.04223226600004, 27.51356252000005], [83.04609820300004, 27.515188832000035], [83.04857020300005, 27.51518545700003], [83.05091307800006, 27.513303832000076], [83.05237451600004, 27.510583644000064], [83.05243895300003, 27.508975270000064], [83.05360039100003, 27.507211957000038], [83.05327826600006, 27.50600714500007], [83.05536389100007, 27.505621957000074], [83.05575232900009, 27.503402082000036], [83.05787982900006, 27.50347745700003], [83.06015870400006, 27.508012332000078], [83.06198639100006, 27.50969658200006], [83.06557739000004, 27.511837207000042], [83.06837264100005, 27.514457581000045], [83.07118989100007, 27.51369126900005], [83.07140495300007, 27.516332582000075], [83.07458776600004, 27.52008127000005], [83.07708226600005, 27.519064395000044], [83.07998551600008, 27.519483019000063], [83.08200682800003, 27.517912457000023], [83.08194220300004, 27.516323519000025], [83.08321082900005, 27.515366206000067], [83.08695270400005, 27.51543814400003], [83.08858695300006, 27.514557644000035], [83.09237195300005, 27.51453501900005], [83.09230701600006, 27.511738957000034], [83.08748945300005, 27.50919833200004], [83.08877945300003, 27.50551983200006], [83.09538064100008, 27.504730394000035], [83.10019676600007, 27.503786895000076], [83.10660532800006, 27.50552270700007], [83.10847651600005, 27.506958457000053], [83.10991839000008, 27.51065008200004], [83.10948895300004, 27.51231708200004], [83.10996270300006, 27.514384644000074], [83.10910320300007, 27.516260957000043], [83.11211407900004, 27.516564519000042], [83.11413476600006, 27.514264645000026], [83.11621864100005, 27.513898832000052], [83.11674307800007, 27.51905345600005], [83.12007557800007, 27.521215832000053], [83.12115432800005, 27.527903770000023], [83.12329557800007, 27.52939520700005], [83.12486501600006, 27.52925620700006], [83.12577295300008, 27.53103089500007], [83.12968732900003, 27.53606908200004], [83.12800782800008, 27.539713895000034], [83.12459589100007, 27.542300769000065], [83.12326907800008, 27.544729269000072], [83.11907364100006, 27.54759539400004], [83.11695964000006, 27.550382144000025], [83.11630151600008, 27.55563076900006], [83.11512270400004, 27.56103402000008], [83.11689707800008, 27.565127019000045], [83.11594695300005, 27.567257707000067], [83.11673870300007, 27.571816082000055], [83.11805932800007, 27.57338589400007], [83.11944726600007, 27.57652195600008], [83.12990070300003, 27.579207520000068], [83.13156320300004, 27.585995957000023], [83.14127620300007, 27.59590083200004], [83.14297345300008, 27.599074769000026], [83.14242726600008, 27.60196626900006]]]}}, {"type": "Feature", "properties": {"slug": "dang-tulsipur", "municipality": "Tulsipur", "district": "Dang"}, "geometry": {"type": "Polygon", "coordinates": [[[82.28595445200006, 28.246928770000068], [82.28337313900005, 28.248121582000067], [82.28044420300006, 28.24782195800003], [82.27734414000008, 28.248347270000068], [82.27533826500007, 28.24662664500005], [82.27258014000006, 28.245483770000078], [82.26982295300007, 28.244895770000028], [82.26620320200004, 28.24342914500005], [82.26224170200004, 28.243763520000073], [82.25985113900003, 28.243365958000027], [82.25855339000003, 28.239860833000023], [82.25213589000003, 28.23891814500007], [82.24984976500008, 28.239437645000066], [82.24734889000007, 28.238853582000047], [82.24585245300005, 28.237779833000047], [82.24651626400004, 28.233519020000074], [82.24616401500003, 28.229786208000064], [82.24732257700003, 28.225527708000072], [82.24905701500006, 28.221787208000023], [82.24961195200007, 28.217658207000056], [82.25206145300007, 28.21912020700006], [82.25515645300004, 28.216046332000076], [82.25534870200005, 28.214952582000024], [82.25312776500004, 28.212446270000044], [82.24975201500007, 28.210273020000045], [82.24950870200007, 28.208023770000068], [82.25025395200004, 28.207394270000066], [82.25088620300005, 28.204063208000036], [82.25078589000003, 28.200041645000056], [82.24874451500006, 28.19832089500005], [82.24738151400004, 28.194881645000066], [82.24512026500008, 28.191035458000044], [82.24488457700005, 28.188822208000033], [82.24602889000005, 28.183859833000042], [82.24526157800005, 28.181033270000057], [82.24570901500005, 28.17707445800005], [82.24240576500006, 28.172418707000077], [82.23999220200005, 28.17142764500005], [82.23903151500008, 28.169035957000062], [82.23986739000009, 28.165132207000056], [82.23907145300007, 28.16333233200004], [82.23909314000008, 28.16128820800003], [82.24003457700007, 28.159481645000028], [82.23830889000004, 28.156298207000077], [82.23581057700005, 28.155152145000045], [82.23187126500005, 28.15236989500005], [82.23069145300008, 28.15031620800005], [82.22885907700004, 28.149175333000073], [82.22707864000006, 28.14711570700007], [82.22636807700007, 28.14535333300006], [82.22678457800004, 28.142531833000078], [82.22584526400004, 28.14006539500008], [82.22626176500006, 28.137133332000076], [82.22486307700007, 28.131476457000076], [82.22400607700007, 28.12935214500004], [82.22218639000005, 28.127046832000076], [82.22071507800007, 28.126232082000058], [82.21878395300007, 28.126382333000038], [82.21673264000003, 28.125638020000054], [82.21488639000006, 28.125866458000075], [82.21258670200007, 28.124535457000036], [82.20969845200005, 28.121152083000027], [82.21183001400004, 28.120673020000027], [82.21671264000008, 28.120884708000062], [82.22482164000007, 28.120498957000052], [82.22680351500009, 28.12106552000006], [82.22990357800006, 28.12039027000003], [82.23632645300006, 28.117557583000064], [82.24030545200003, 28.117925395000043], [82.24202007700006, 28.118983770000057], [82.24588932800003, 28.118323770000075], [82.24971357700008, 28.119931394000048], [82.25540864000004, 28.121514957000045], [82.25561332700005, 28.119588707000048], [82.25264876500006, 28.11231083200005], [82.25295876500007, 28.106855145000054], [82.25149595300007, 28.104576395000038], [82.24923726500003, 28.102659020000033], [82.24661082700004, 28.101166895000063], [82.23758189000006, 28.098575270000026], [82.23340720300007, 28.096332020000034], [82.22938032700006, 28.093141958000047], [82.22662726500005, 28.09048652000007], [82.22245214000003, 28.083999208000023], [82.22020970300008, 28.08180377000008], [82.21547264000003, 28.078382832000045], [82.21148232700006, 28.074436082000034], [82.20402038900005, 28.06906914500007], [82.20408751500008, 28.06807589500005], [82.20621576500008, 28.066816395000046], [82.20891220300007, 28.066788145000032], [82.21139313900005, 28.067616832000056], [82.21357739000007, 28.067505020000056], [82.21670057700004, 28.064831020000042], [82.22368851500005, 28.060662895000064], [82.22712739000008, 28.05816633300003], [82.23010076500003, 28.05550914500003], [82.23393414000003, 28.05262083200006], [82.23579395200005, 28.04824314500007], [82.23377907700007, 28.046718145000057], [82.22771589000007, 28.044599895000033], [82.22607889000005, 28.043366895000077], [82.22351151500004, 28.042557333000047], [82.22167082800007, 28.04084558200003], [82.21842376500007, 28.04074808200005], [82.21800457700004, 28.03852958300007], [82.22133026500006, 28.03613564400007], [82.22453589000008, 28.03617483200003], [82.22741639000003, 28.033617770000035], [82.23052138900005, 28.03152345700005], [82.23077376500004, 28.028899582000065], [82.22865095300006, 28.02450127000003], [82.22919332700008, 28.020435520000035], [82.22549682800008, 28.01943527000003], [82.22368295200005, 28.018373019000023], [82.22068995200004, 28.01561339500006], [82.21900651500005, 28.013545957000076], [82.22216832700008, 28.01268989500005], [82.22722720200005, 28.012119145000042], [82.22963339000006, 28.010716957000056], [82.23326814000006, 28.010727270000075], [82.23637420300008, 28.006789583000057], [82.23825501500005, 28.005872457000066], [82.24504039000004, 28.005540395000025], [82.24827720200005, 28.00423195700006], [82.25018895300008, 28.002759395000055], [82.25321076400007, 28.00182945800003], [82.25491301500006, 28.000000082000042], [82.25568564000008, 27.99719777000007], [82.25865301500005, 27.997450332000028], [82.26338214000003, 27.995162269000048], [82.26484445300008, 27.99490508200006], [82.26713282800006, 27.995734583000058], [82.27463551500006, 27.996806770000035], [82.27508520300006, 27.996033332000025], [82.27766107800005, 27.99574320800008], [82.27901382700009, 27.994816894000053], [82.28131176500005, 27.991447520000065], [82.28370220200009, 27.989358707000065], [82.28589826500007, 27.985775895000074], [82.28994645200004, 27.98408427000004], [82.29467132800005, 27.98521302000006], [82.29701532700005, 27.98341320700007], [82.29881245300004, 27.98354514500005], [82.30259014000006, 27.98183083200007], [82.30366970300008, 27.980785145000027], [82.30487064000005, 27.977680708000037], [82.30652101500004, 27.976130957000066], [82.30657320200004, 27.974242145000062], [82.31094914100004, 27.97259870700003], [82.31222120200005, 27.969989895000026], [82.31498357800007, 27.970105645000046], [82.31938132800008, 27.96918820700006], [82.32263495200004, 27.969369020000045], [82.32436451500007, 27.968926020000026], [82.32599389000006, 27.96735814500005], [82.32807889000009, 27.96642433200003], [82.32983626500004, 27.964058833000024], [82.33174851600006, 27.964017769000066], [82.33543507800005, 27.964965707000033], [82.33857595300003, 27.96786577000006], [82.34007589000004, 27.967914395000037], [82.34307432800006, 27.97052464500007], [82.34621720300004, 27.97170989500006], [82.34772545300007, 27.973091582000052], [82.34904907800006, 27.97582195700005], [82.34828314000004, 27.978092270000047], [82.35100964000003, 27.98382289500006], [82.35197207700008, 27.98727189400006], [82.35548764000004, 27.990673208000032], [82.35720951500008, 27.991276583000058], [82.35794889000005, 27.993387707000068], [82.35599107800005, 27.995311083000047], [82.35345145300005, 27.995681269000045], [82.35228832800004, 27.99672602000004], [82.34917870300006, 27.997561957000073], [82.34710145200006, 27.99746502000005], [82.34381432700008, 27.998544020000054], [82.34212801500007, 28.000047145000053], [82.34407882700003, 28.00311208200003], [82.34706401500006, 28.00365583200005], [82.35083914000006, 28.003219519000027], [82.35174107700004, 28.00521845800006], [82.34807439000008, 28.008803208000074], [82.34859314000005, 28.00963283200008], [82.35347351500008, 28.010665520000032], [82.35475995300004, 28.011638644000072], [82.35616082700005, 28.01545783200004], [82.35680757700004, 28.018481270000052], [82.35406832700005, 28.021736582000074], [82.34970939000004, 28.023462520000066], [82.34818007700005, 28.022845833000076], [82.34604001500009, 28.023918082000023], [82.34202970300004, 28.02322414500003], [82.33860170200006, 28.024448707000033], [82.33544464000005, 28.023881582000058], [82.33572276500007, 28.02602214500007], [82.33511382700004, 28.028645020000056], [82.33875295300004, 28.03507758300003], [82.34027170200005, 28.03867464500007], [82.34000620300003, 28.040285770000025], [82.34277851400003, 28.044892520000076], [82.34176720300007, 28.046386832000053], [82.33891345200004, 28.046446270000047], [82.33691170300006, 28.048157770000046], [82.33673657700007, 28.049623645000054], [82.33922526500004, 28.049597145000064], [82.33862214000004, 28.053517207000027], [82.34198551500003, 28.05500939500007], [82.34429870200006, 28.055228145000058], [82.34745989000004, 28.057270457000072], [82.35136807700007, 28.058233707000056], [82.35254832700008, 28.059467332000054], [82.35273182700007, 28.062599145000036], [82.35751807800006, 28.064850770000078], [82.35997870300008, 28.06640564500003], [82.36228188900003, 28.06586164500004], [82.36343039000008, 28.06643001900005], [82.36678520300006, 28.069597895000072], [82.37040701500007, 28.068440520000024], [82.37186789000003, 28.06700920700007], [82.37495689000008, 28.06586608200007], [82.37852126500007, 28.06689739500007], [82.38171345300003, 28.06735939500004], [82.38349807800006, 28.068879957000036], [82.38767545200005, 28.071335145000035], [82.38968751500005, 28.073473770000078], [82.39325457700005, 28.07478439500005], [82.39335332800005, 28.079031395000072], [82.39032526500006, 28.081072208000023], [82.38914045300004, 28.083240895000074], [82.38958014000008, 28.08627070800003], [82.39147282700003, 28.087855457000046], [82.39154832800006, 28.090843895000035], [82.39062632700006, 28.09476058300004], [82.39181245200007, 28.098256582000033], [82.39162014000004, 28.100169333000053], [82.39035420300007, 28.10216964500006], [82.38915732800007, 28.105739457000027], [82.38802895200007, 28.106878833000053], [82.38860689000006, 28.109029645000078], [82.38909826500003, 28.11354339500008], [82.39123239000008, 28.11733433300003], [82.39401939000004, 28.120288395000046], [82.39547351500005, 28.12327177000003], [82.39762776500004, 28.12500039500003], [82.40030807800008, 28.12333527000004], [82.40503376500004, 28.123492270000042], [82.41078414000003, 28.126404208000054], [82.41313670300008, 28.125958083000057], [82.41597001500008, 28.12782614500003], [82.42070901500006, 28.12603327000005], [82.42423907700004, 28.12654708200006], [82.42560551500003, 28.127451020000024], [82.42871620200003, 28.13092658200003], [82.43038857700003, 28.135217958000055], [82.42891795300005, 28.138366833000077], [82.42641170200005, 28.138507958000048], [82.42563620300007, 28.139574082000024], [82.42628051500003, 28.14388070700005], [82.42783682700008, 28.145454895000057], [82.42961857800003, 28.14915408300004], [82.43102651500004, 28.150423020000062], [82.43161495200007, 28.15285102000007], [82.43265857600005, 28.153902644000027], [82.42967801500004, 28.15496476800007], [82.42732526400005, 28.154382457000054], [82.42413101500006, 28.155076645000065], [82.42024763900008, 28.156549520000056], [82.41582357600004, 28.159453581000037], [82.41085832800007, 28.160806456000046], [82.40504470200005, 28.16411251900007], [82.40188170300007, 28.168018394000057], [82.39869182700005, 28.168750333000048], [82.39669332800008, 28.17114620700005], [82.39559039000005, 28.174288707000073], [82.39573370300008, 28.17606495800004], [82.39819939000006, 28.180118520000065], [82.39857395300004, 28.18302033300006], [82.39644895300006, 28.184918957000036], [82.39437832700008, 28.18919020800007], [82.39189920200005, 28.188477770000077], [82.38896801500005, 28.18839477000006], [82.38055414000007, 28.184455270000058], [82.37845339100005, 28.18538783200006], [82.37186814000006, 28.18907027000006], [82.36901220300007, 28.189696708000042], [82.36727907700003, 28.191618020000078], [82.36739264000005, 28.193141895000053], [82.36540064000008, 28.194892208000056], [82.36495670300008, 28.196624582000027], [82.36124551600005, 28.19855433200007], [82.36024257800005, 28.200540458000035], [82.35844195300007, 28.201993145000074], [82.35679995300006, 28.205411395000056], [82.35592126500006, 28.206060833000038], [82.35128101500004, 28.207060958000056], [82.34902882800003, 28.208515770000076], [82.34824201500004, 28.21024920700006], [82.34849020300004, 28.212570457000027], [82.34794907700007, 28.216225958000052], [82.34533595300007, 28.218363208000028], [82.34212239000004, 28.22020633300008], [82.34146714000008, 28.221985957000072], [82.33943414000004, 28.223388770000042], [82.33438939000007, 28.224139645000037], [82.33095101500004, 28.22426564500006], [82.32938589000008, 28.22514714500005], [82.32391939000007, 28.22430008300006], [82.32177214000006, 28.224765270000034], [82.31481695200006, 28.223043333000078], [82.31370807700006, 28.22863977000003], [82.31187270300006, 28.23155170800004], [82.30739564000004, 28.23122683300005], [82.30447370300004, 28.232213582000043], [82.30359789000005, 28.233613896000065], [82.30303239000006, 28.236811457000044], [82.30321539000005, 28.243697207000025], [82.30174095300004, 28.24584539500006], [82.29988589000004, 28.245030582000027], [82.29687514000005, 28.245444958000064], [82.29399707800007, 28.246681395000053], [82.28913345300003, 28.245563270000048], [82.28595445200006, 28.246928770000068]]]}}, {"type": "Feature", "properties": {"slug": "bardiya-gulariya", "municipality": "Gulariya", "district": "Bardiya"}, "geometry": {"type": "Polygon", "coordinates": [[[81.39092763900004, 28.232664895000028], [81.38631626400007, 28.236885895000057], [81.38516763900003, 28.238443708000034], [81.38008757600005, 28.236743145000048], [81.37810438900004, 28.237551895000024], [81.37327676400008, 28.237687020000067], [81.37209226400006, 28.23850020800006], [81.37213838900004, 28.24205145800005], [81.37450057700005, 28.245045833000063], [81.37708470100006, 28.246803145000058], [81.37882482600008, 28.249999958000046], [81.37638645200008, 28.25295333200006], [81.37475888900008, 28.253709145000073], [81.37190970100005, 28.25159833200007], [81.37054157700004, 28.251125957000056], [81.36853713900007, 28.25176758300006], [81.36626963900005, 28.25446095800004], [81.36632870100004, 28.258174582000038], [81.36489820100007, 28.260897208000074], [81.36466463900007, 28.265633707000063], [81.36232107600006, 28.270858645000033], [81.36142501400008, 28.271734208000055], [81.35869595100007, 28.272260333000077], [81.35451838900008, 28.271601082000075], [81.35194332700007, 28.26995389500007], [81.34636126400005, 28.268774645000065], [81.34003388900004, 28.269000332000076], [81.33661551400007, 28.269787207000036], [81.33150313900006, 28.272085333000064], [81.32522757600003, 28.274144583000066], [81.32316932700007, 28.275575395000033], [81.31997670200008, 28.280354895000073], [81.31742576400006, 28.28180258200007], [81.31522970100008, 28.284111332000066], [81.31190963900008, 28.285188332000075], [81.30868420100006, 28.28554095800007], [81.30604545200003, 28.285307707000072], [81.30056738900004, 28.285428145000026], [81.29510632700004, 28.28593195700006], [81.29252001400005, 28.286729457000035], [81.29214982600007, 28.285349395000026], [81.29706551400005, 28.280068208000046], [81.30164688900004, 28.264853207000044], [81.29752626400006, 28.26105370700003], [81.29204557600008, 28.25789095700003], [81.29398776400006, 28.255235645000027], [81.29039463900006, 28.252373395000063], [81.29265063800005, 28.24872245800003], [81.29255257600005, 28.242673583000055], [81.29166638900006, 28.241689520000023], [81.28223526400006, 28.234701333000032], [81.28786688900004, 28.22844420800004], [81.29368420100008, 28.22278883300004], [81.30138376400004, 28.219760020000024], [81.31586926400007, 28.204689270000074], [81.32237220100006, 28.197169707000057], [81.32151176400004, 28.193683520000036], [81.32013501400007, 28.18228789500006], [81.32652932600007, 28.17495345800006], [81.32302601300006, 28.16873670700005], [81.31603513900006, 28.16757745800004], [81.30960170200007, 28.16783808200006], [81.30622970100006, 28.16841652000005], [81.30399720200006, 28.16770402000003], [81.30374763900005, 28.16430658200005], [81.30582570100006, 28.16245402000004], [81.31024732700007, 28.161496457000055], [81.31151713900005, 28.16059558300003], [81.31242395100008, 28.155480770000054], [81.32194938900005, 28.160163083000043], [81.32969263900003, 28.148186270000053], [81.32013520100008, 28.145138145000033], [81.31721713900004, 28.136877833000028], [81.31980588900007, 28.133458020000035], [81.32249713900006, 28.13372927000006], [81.33622895100007, 28.140099645000078], [81.34393163900006, 28.139475833000063], [81.35088120200004, 28.139965895000046], [81.36644276400006, 28.141509083000074], [81.36883801400006, 28.141306332000056], [81.37308045100008, 28.142292145000056], [81.37519682600004, 28.14513608200008], [81.37692713900003, 28.14856539500005], [81.37848945100006, 28.149632832000066], [81.37840888900007, 28.151503520000063], [81.37963620100004, 28.15266214500008], [81.37926432600005, 28.154599020000035], [81.38015570100004, 28.155411083000047], [81.37891445100007, 28.158616207000023], [81.37328651400009, 28.15988164500004], [81.37020363900007, 28.160891770000035], [81.36877013900005, 28.162720958000023], [81.36868845200007, 28.165259520000063], [81.37117382600007, 28.169979708000028], [81.37347976400008, 28.171361082000033], [81.37427051400005, 28.17285483300003], [81.37591163900004, 28.173394082000073], [81.37522688900003, 28.174932520000027], [81.37695057600007, 28.176872708000076], [81.38413307700006, 28.175205645000062], [81.39172257700005, 28.173679207000077], [81.40576313900004, 28.174062520000064], [81.41244188900004, 28.174505083000042], [81.41288632600003, 28.178012270000067], [81.41533801400004, 28.182984457000032], [81.41436332700005, 28.184469770000078], [81.41515570100006, 28.187700583000037], [81.41434832600004, 28.189341083000045], [81.41160932700006, 28.192153895000047], [81.41116613900004, 28.194454457000063], [81.41159163900005, 28.19584070700006], [81.41125782600005, 28.199959395000064], [81.41058407700007, 28.20143027000006], [81.41266932600007, 28.204562457000065], [81.41396963900007, 28.207383332000063], [81.41428932600007, 28.209381458000053], [81.41145520200007, 28.21125820800006], [81.41192882700005, 28.212533833000066], [81.40868220100003, 28.215165332000026], [81.40668388900008, 28.21517127000004], [81.40270795100008, 28.216462333000038], [81.40077932600008, 28.217580332000068], [81.39700088900008, 28.21876233300003], [81.39553795200004, 28.21751889500007], [81.39232120200006, 28.21732058300006], [81.39155913900004, 28.21825677000004], [81.38838595100003, 28.218672020000042], [81.39030845100007, 28.225455645000068], [81.38952145100006, 28.229719958000032], [81.39092763900004, 28.232664895000028]]]}}, {"type": "Feature", "properties": {"slug": "arghakhanchi-bhumikasthan", "municipality": "Bhumikasthan", "district": "Arghakhanchi"}, "geometry": {"type": "Polygon", "coordinates": [[[83.07465389100008, 28.030578770000034], [83.07221314100008, 28.03234920700004], [83.07123070300008, 28.033718832000034], [83.07111701600007, 28.038927582000042], [83.06989926500006, 28.041845645000024], [83.06710420300004, 28.04445739500005], [83.06496064000004, 28.044571395000048], [83.06061157900007, 28.04632639500005], [83.05649276600008, 28.046785457000055], [83.05019820300004, 28.04645558200008], [83.04604876600007, 28.047678957000073], [83.04363151600006, 28.050405644000023], [83.03927401600004, 28.05040239500005], [83.03795489000004, 28.051708457000075], [83.03732389100009, 28.054379832000052], [83.03630795400005, 28.05536314400007], [83.03390626500004, 28.056122395000045], [83.03074664100006, 28.055991832000075], [83.02738670300005, 28.056509582000047], [83.02549770300004, 28.057272270000055], [83.02323051600007, 28.059219083000073], [83.01894782800008, 28.06007077000004], [83.01520764100007, 28.06022214500007], [83.01500995300006, 28.06234377000004], [83.01349326600007, 28.06569683300006], [83.01349207800007, 28.067456583000023], [83.01181514000007, 28.06996689500005], [83.01033132800006, 28.07408502000004], [83.00648901600005, 28.075498895000067], [83.00260857900008, 28.074863895000078], [83.00000014100004, 28.07284820700005], [82.99699895400005, 28.073176020000062], [82.99670889100008, 28.074419270000078], [82.99924957800005, 28.07818302000004], [82.99958701600008, 28.08085002000007], [82.99910439100006, 28.08282964500006], [82.99983207800005, 28.083811832000038], [82.99840601500006, 28.085098708000032], [82.99712657800006, 28.088771395000038], [82.99496645300007, 28.089434707000066], [82.99397957800005, 28.08630720800005], [82.99043101600006, 28.07956914500005], [82.98911301600003, 28.07837495700005], [82.98707589100007, 28.073671707000074], [82.98521239100006, 28.071428833000027], [82.97998195300005, 28.068727833000025], [82.97723126600005, 28.065517145000058], [82.97706370400005, 28.061357833000045], [82.97456164000005, 28.05950045700007], [82.97327607800008, 28.05718052000003], [82.97070064100006, 28.054311770000027], [82.96904026600004, 28.053099019000058], [82.96648907800005, 28.052827145000037], [82.96373564100008, 28.046868207000045], [82.96281095300003, 28.040862145000062], [82.96529507900004, 28.040201832000037], [82.96714039100004, 28.040459333000058], [82.97233964100008, 28.03824227000007], [82.97448282800008, 28.034100145000025], [82.97447626600007, 28.032881770000074], [82.97646289000005, 28.031500019000077], [82.97642726600003, 28.028911957000048], [82.97736201500004, 28.027269645000047], [82.97860370400008, 28.023037333000048], [82.97748089100008, 28.02151727000006], [82.97826382800008, 28.01964602000004], [82.97623757800005, 28.017519207000078], [82.97652232800004, 28.014599582000073], [82.97394807800003, 28.01430289500007], [82.97389514100007, 28.01237802000003], [82.97555757800006, 28.006535645000042], [82.97375189100006, 28.005570082000077], [82.97028182900004, 28.006002145000025], [82.97026445300008, 28.00268545700004], [82.96759007800006, 28.003628770000034], [82.96534420400008, 28.00039464500003], [82.96215314100004, 27.998825082000053], [82.95628551500005, 27.997483394000028], [82.95622232900007, 27.99606152000007], [82.95433607800004, 27.993944458000044], [82.95527895300006, 27.992798770000036], [82.95900220300007, 27.991929020000043], [82.96178464000008, 27.992051582000045], [82.96574420300004, 27.989719145000038], [82.96621382800004, 27.98785239500006], [82.96766176500006, 27.98807533300004], [82.96897489100007, 27.99020827000004], [82.96950914000007, 27.992833958000062], [82.97087139100006, 27.99335177000006], [82.97674589100006, 27.991274833000034], [82.97847214100005, 27.98867727000004], [82.97701914000004, 27.986290707000023], [82.97774264100008, 27.98413014500005], [82.97974320300006, 27.984029957000075], [82.98255689100006, 27.982974582000054], [82.98388639100006, 27.981321645000037], [82.98662514100005, 27.98153814500006], [82.98871751500008, 27.98058564400003], [82.99014051600005, 27.977545769000074], [82.99273864100007, 27.97600126900005], [82.99617395300004, 27.975945145000026], [83.00000001600006, 27.978468333000023], [83.00174795300006, 27.977131833000044], [83.00116982900005, 27.97552802000007], [83.00395401600008, 27.969684458000074], [83.00542532800006, 27.96882864500003], [83.00925951600004, 27.96803058200004], [83.01138395300006, 27.966193520000047], [83.01235964100005, 27.96348633200006], [83.01856801600007, 27.956789207000043], [83.01806282800004, 27.95417070800005], [83.01934670400004, 27.952090645000055], [83.01648132800005, 27.949588333000065], [83.01727789100005, 27.94801020700004], [83.01960507800004, 27.94697764500006], [83.01488195300004, 27.94180883300004], [83.01478932900005, 27.94127345800007], [83.01750926600005, 27.937288145000025], [83.01783882900008, 27.93617370800007], [83.01504676600007, 27.932636332000072], [83.01512107800005, 27.931716332000065], [83.01786739100004, 27.928132770000047], [83.01664870300004, 27.923354457000073], [83.01568751600007, 27.922023145000026], [83.01882282800005, 27.92201627000003], [83.02089145300005, 27.922516083000062], [83.02434232900004, 27.921739582000043], [83.02621745300007, 27.92034508300003], [83.02783189100006, 27.920579769000028], [83.02861257800004, 27.919310520000067], [83.03077951600005, 27.919005394000067], [83.03169120300004, 27.917924269000025], [83.03202720300004, 27.915318520000028], [83.03356770300007, 27.912854270000025], [83.03452382900008, 27.910013583000023], [83.03482939000008, 27.906640458000027], [83.03828951600008, 27.906725583000025], [83.04109726600007, 27.909899333000055], [83.04696170300008, 27.911668269000074], [83.05127007900006, 27.91262533200006], [83.05334595300008, 27.91377451900007], [83.05704126600006, 27.913723083000036], [83.06036257800008, 27.914767832000052], [83.06267939000008, 27.91444070700004], [83.06751364100006, 27.91256020700007], [83.07026451600007, 27.910773833000064], [83.07129051600003, 27.90848845800008], [83.07504889100005, 27.908339957000067], [83.07592426600007, 27.90785402000006], [83.07902076500005, 27.908075520000068], [83.07982864100006, 27.909177457000055], [83.08604532900006, 27.906136833000062], [83.08762751600005, 27.90728895700005], [83.09037495300004, 27.91067339500006], [83.09445401600004, 27.914005583000062], [83.09809264100005, 27.914622958000052], [83.10000895400003, 27.91315083300003], [83.10196057800005, 27.91273039500004], [83.10661532900008, 27.913487145000033], [83.11016370400006, 27.911827020000032], [83.11492270400004, 27.912845833000063], [83.11874264100004, 27.91178283200003], [83.12257345400008, 27.913614519000078], [83.12789176600006, 27.91721089500004], [83.12868232900007, 27.91911570700006], [83.12576814100004, 27.92281777000005], [83.12912270400005, 27.926489583000034], [83.13046382800007, 27.92949214500004], [83.13090807900005, 27.93635164500006], [83.12748089100006, 27.93417302000006], [83.12755426500007, 27.933101769000075], [83.12590689100006, 27.928860832000055], [83.12405151600007, 27.928925770000035], [83.12308332800006, 27.931132958000035], [83.12074020300008, 27.932365770000047], [83.11609470300004, 27.937116957000057], [83.11592770400006, 27.941903645000025], [83.11921764100003, 27.94691552000006], [83.12165195400007, 27.948693207000076], [83.12231114100007, 27.95021358300005], [83.12028076600006, 27.951209145000064], [83.11823032800004, 27.950846395000042], [83.11355489000005, 27.953083770000035], [83.11169664000005, 27.954529270000023], [83.11032382900004, 27.957331708000027], [83.10551726500006, 27.96162345700003], [83.10391276600006, 27.964011395000057], [83.09988001600004, 27.96326758300006], [83.09629357800003, 27.96378108300007], [83.09837076500008, 27.968045457000073], [83.09997964100006, 27.969328457000074], [83.09846757800005, 27.970548208000025], [83.09555739000007, 27.971801645000028], [83.09463626600007, 27.973799083000074], [83.09123682800004, 27.975498145000074], [83.08801770400004, 27.97447733300004], [83.08535207800008, 27.976357145000065], [83.08237582800007, 27.97749476900003], [83.08073632800006, 27.977186020000033], [83.07968714000003, 27.975895207000065], [83.07833607900005, 27.976233582000077], [83.07690245300006, 27.978561395000042], [83.07648257800008, 27.980862208000076], [83.07704051600007, 27.982348270000045], [83.07579176500008, 27.985345145000053], [83.07669132900008, 27.986675582000032], [83.07719539100003, 27.99210514500004], [83.07515157800003, 27.993539895000026], [83.07282070300005, 27.991267957000048], [83.07174464100007, 27.991181770000026], [83.06826482900004, 27.992918083000063], [83.06410939000006, 27.995579208000038], [83.05927089100004, 27.99541533200005], [83.05854451600004, 27.997355207000055], [83.06036420300006, 28.000000645000057], [83.06225757900006, 28.00189070700003], [83.06283326600004, 28.00450283200007], [83.06503882800007, 28.00764270700006], [83.06712989100004, 28.01261370800006], [83.06879864100006, 28.015488145000063], [83.07133582800003, 28.017177144000073], [83.07192739000004, 28.021831144000032], [83.07087220300008, 28.02372377000006], [83.06595457800006, 28.025330645000054], [83.06326545400003, 28.02565751900005], [83.06161082800008, 28.02759558200006], [83.05936101600008, 28.029220458000054], [83.05900370400008, 28.030289708000055], [83.06094114100006, 28.031151270000066], [83.06329264100003, 28.029928707000067], [83.06630782800005, 28.030283145000055], [83.06863182900008, 28.029520520000062], [83.07179557800004, 28.02997289500007], [83.07410839100004, 28.02969289500004], [83.07465389100008, 28.030578770000034]]]}}, {"type": "Feature", "properties": {"slug": "arghakhanchi-sandhikharka", "municipality": "Sandhikharka", "district": "Arghakhanchi"}, "geometry": {"type": "Polygon", "coordinates": [[[83.17563345300005, 28.029464145000077], [83.17432957800008, 28.031261270000073], [83.17412514100005, 28.032977020000033], [83.17210114100004, 28.035782895000068], [83.16890257900008, 28.03696839500003], [83.16590439000004, 28.03519714500004], [83.16282164100005, 28.03476095700006], [83.15920051600006, 28.035014145000048], [83.15761376500006, 28.036229520000063], [83.15512295300005, 28.033382707000044], [83.15366532800005, 28.03255470700003], [83.15276157800008, 28.029850708000026], [83.15128826600005, 28.02816064500007], [83.14824364100008, 28.027877895000074], [83.14588357800005, 28.02635383200004], [83.14303395300004, 28.026020207000045], [83.14173945400006, 28.024125957000024], [83.13846839100006, 28.02419802000003], [83.13731289100008, 28.02267233200007], [83.13392082800004, 28.01979689500007], [83.13084289100004, 28.022590957000034], [83.12928407900006, 28.022926270000028], [83.12582932900006, 28.022019895000028], [83.12215926600004, 28.022075458000074], [83.12143651500008, 28.024934020000046], [83.11977882900004, 28.025931895000042], [83.11645945300006, 28.030511020000063], [83.11498332900004, 28.03141302000006], [83.11071845400005, 28.03252939500004], [83.10728514100003, 28.032545457000026], [83.10503001600006, 28.031696020000027], [83.10244451600005, 28.03174233200008], [83.09970001600004, 28.03256589500006], [83.09737526600009, 28.03404652000006], [83.09708814100009, 28.036679895000077], [83.09826589100004, 28.038280395000072], [83.09633689100008, 28.03879120700003], [83.09343851500006, 28.038144895000073], [83.09148257800007, 28.035501270000054], [83.08968251600004, 28.035956395000028], [83.08743276600006, 28.034668957000065], [83.08497232800005, 28.031313458000056], [83.08145789000008, 28.032054833000075], [83.07766776600005, 28.034301457000026], [83.07540164100004, 28.034162082000023], [83.07460376600005, 28.032985833000055], [83.07465389100008, 28.030578770000034], [83.07410839100004, 28.02969289500004], [83.07179557800004, 28.02997289500007], [83.06863182900008, 28.029520520000062], [83.06630782800005, 28.030283145000055], [83.06329264100003, 28.029928707000067], [83.06094114100006, 28.031151270000066], [83.05900370400008, 28.030289708000055], [83.05936101600008, 28.029220458000054], [83.06161082800008, 28.02759558200006], [83.06326545400003, 28.02565751900005], [83.06595457800006, 28.025330645000054], [83.07087220300008, 28.02372377000006], [83.07192739000004, 28.021831144000032], [83.07133582800003, 28.017177144000073], [83.06879864100006, 28.015488145000063], [83.06712989100004, 28.01261370800006], [83.06503882800007, 28.00764270700006], [83.06283326600004, 28.00450283200007], [83.06225757900006, 28.00189070700003], [83.06036420300006, 28.000000645000057], [83.05854451600004, 27.997355207000055], [83.05927089100004, 27.99541533200005], [83.06410939000006, 27.995579208000038], [83.06826482900004, 27.992918083000063], [83.07174464100007, 27.991181770000026], [83.07282070300005, 27.991267957000048], [83.07515157800003, 27.993539895000026], [83.07719539100003, 27.99210514500004], [83.07669132900008, 27.986675582000032], [83.07579176500008, 27.985345145000053], [83.07704051600007, 27.982348270000045], [83.07648257800008, 27.980862208000076], [83.07690245300006, 27.978561395000042], [83.07833607900005, 27.976233582000077], [83.07968714000003, 27.975895207000065], [83.08073632800006, 27.977186020000033], [83.08237582800007, 27.97749476900003], [83.08535207800008, 27.976357145000065], [83.08801770400004, 27.97447733300004], [83.09123682800004, 27.975498145000074], [83.09463626600007, 27.973799083000074], [83.09555739000007, 27.971801645000028], [83.09846757800005, 27.970548208000025], [83.09997964100006, 27.969328457000074], [83.09837076500008, 27.968045457000073], [83.09629357800003, 27.96378108300007], [83.09988001600004, 27.96326758300006], [83.10391276600006, 27.964011395000057], [83.10551726500006, 27.96162345700003], [83.11032382900004, 27.957331708000027], [83.11169664000005, 27.954529270000023], [83.11355489000005, 27.953083770000035], [83.11823032800004, 27.950846395000042], [83.12028076600006, 27.951209145000064], [83.12231114100007, 27.95021358300005], [83.12165195400007, 27.948693207000076], [83.11921764100003, 27.94691552000006], [83.11592770400006, 27.941903645000025], [83.11609470300004, 27.937116957000057], [83.12074020300008, 27.932365770000047], [83.12308332800006, 27.931132958000035], [83.12405151600007, 27.928925770000035], [83.12590689100006, 27.928860832000055], [83.12755426500007, 27.933101769000075], [83.12748089100006, 27.93417302000006], [83.13090807900005, 27.93635164500006], [83.13046382800007, 27.92949214500004], [83.12912270400005, 27.926489583000034], [83.12576814100004, 27.92281777000005], [83.12868232900007, 27.91911570700006], [83.12789176600006, 27.91721089500004], [83.12257345400008, 27.913614519000078], [83.11874264100004, 27.91178283200003], [83.12123045400006, 27.910237395000024], [83.12465557800004, 27.90581439500005], [83.12768476600007, 27.903595394000035], [83.13592657900006, 27.90038933200003], [83.13873939100006, 27.89990152000007], [83.13848089100009, 27.894414895000068], [83.13965307900008, 27.89074908200007], [83.14370907900008, 27.89049458200003], [83.14595939100008, 27.891189895000025], [83.14848432800005, 27.893051145000072], [83.14980826600004, 27.89481470800007], [83.15082626600008, 27.898124145000054], [83.15303382900004, 27.89878077000003], [83.15645832900003, 27.901238457000034], [83.15983339100006, 27.904442707000044], [83.16168732800008, 27.903109269000026], [83.16344782800007, 27.902808583000024], [83.16262789000007, 27.898009082000044], [83.16234101600008, 27.894203270000048], [83.16475457900003, 27.891190020000067], [83.17078426600006, 27.890960144000076], [83.17576039100004, 27.891472832000034], [83.17988082800008, 27.891179270000066], [83.18138651600003, 27.890037520000078], [83.18309457900006, 27.89258370700003], [83.18653982900008, 27.895345457000076], [83.18836064100003, 27.896211332000064], [83.18992151600008, 27.897973644000047], [83.18883401500005, 27.90242564500005], [83.18695282800007, 27.90388564500006], [83.18689157800003, 27.906608582000047], [83.18555445300007, 27.907090270000026], [83.18089757800004, 27.910156019000055], [83.18144470300007, 27.915037332000054], [83.18133551600005, 27.917306457000052], [83.18016020400006, 27.920237145000044], [83.17514626600007, 27.921008208000046], [83.17264782900008, 27.920104207000065], [83.17044789100004, 27.918371707000063], [83.16792457900004, 27.919319958000074], [83.16632076600007, 27.920858020000026], [83.16589589100005, 27.92296058200003], [83.16352101600006, 27.92395245800003], [83.16499589100005, 27.925082833000033], [83.16548732800004, 27.926953895000054], [83.16779976600003, 27.927696645000026], [83.16942851600004, 27.930551645000037], [83.16829257800003, 27.93176539500007], [83.16633107900003, 27.93712795700003], [83.16893357800006, 27.93900958200004], [83.16959170300004, 27.94144127000004], [83.17093295300003, 27.943556708000074], [83.17022639100009, 27.945246895000025], [83.17180407800004, 27.94693502000007], [83.17234170300009, 27.950525707000054], [83.17101764100005, 27.95562814500005], [83.17248382800005, 27.956507894000026], [83.17556070400008, 27.955716333000055], [83.17553051600004, 27.953214020000075], [83.17753551600003, 27.950967457000047], [83.18216070300008, 27.94890127000008], [83.18356707800007, 27.950123458000064], [83.18726076600007, 27.949982832000046], [83.19102826600005, 27.947861583000076], [83.19396895400007, 27.948206020000043], [83.19475301600005, 27.947587895000026], [83.20325745300005, 27.94709814500004], [83.20538495300008, 27.947295395000026], [83.20744576600003, 27.944268145000024], [83.20996539100008, 27.944384145000072], [83.21233851600005, 27.946268145000033], [83.21643570400005, 27.944940020000047], [83.21793145400005, 27.946198519000063], [83.22032739100007, 27.946654333000026], [83.21959745400005, 27.947503082000026], [83.21699607900007, 27.94822158200003], [83.21472395300003, 27.94975420800006], [83.21284507800004, 27.952577332000033], [83.21348026500004, 27.955175644000064], [83.21190714100004, 27.957917020000025], [83.21346626600007, 27.96060639500007], [83.21214120300004, 27.964520207000078], [83.21159776600007, 27.96739608200005], [83.21344232900003, 27.970917333000045], [83.21222095300004, 27.971652645000063], [83.21105332800005, 27.974028583000063], [83.21220145400008, 27.976740395000036], [83.21175057800008, 27.977620020000074], [83.20565064100003, 27.978812332000075], [83.20467545300005, 27.97982427000005], [83.20018757900004, 27.979306333000068], [83.19802076600007, 27.98133795700005], [83.19620989100008, 27.982227582000064], [83.19412301500006, 27.984431020000045], [83.19156589100004, 27.98512445700004], [83.18645907900003, 27.988693082000054], [83.18421139100008, 27.992497332000028], [83.18207532900004, 27.993416457000023], [83.18126964100009, 27.997310457000026], [83.17846314100007, 27.997785583000052], [83.17848126600006, 28.00159420800003], [83.17774820400007, 28.00204558200005], [83.17407832800006, 28.00158814400004], [83.17253095400008, 28.003771895000057], [83.17401007900008, 28.006790582000065], [83.17345207800008, 28.009986583000057], [83.17237157800008, 28.010943457000053], [83.17232995300003, 28.012777520000043], [83.17490970300008, 28.01533802000006], [83.17435407900007, 28.018184332000033], [83.17457064100006, 28.022912457000075], [83.17621245400005, 28.028143207000028], [83.17563345300005, 28.029464145000077]]]}}, {"type": "Feature", "properties": {"slug": "rupandehi-lumbini-cultural", "municipality": "Lumbini Cultural", "district": "Rupandehi"}, "geometry": {"type": "Polygon", "coordinates": [[[83.31240489100009, 27.53606164400003], [83.30948964200007, 27.53703776900005], [83.30659032800008, 27.537269270000024], [83.30512432800003, 27.53626014500003], [83.30242364100008, 27.537122082000053], [83.29959170400008, 27.536663332000046], [83.29765345400006, 27.53942220700003], [83.29330745300007, 27.543637707000073], [83.29172182800005, 27.54298883200005], [83.29256039100005, 27.540878832000033], [83.28980176600004, 27.537062707000075], [83.28740470300005, 27.535622145000048], [83.28062126600008, 27.53766308200005], [83.28015495400007, 27.53910477000005], [83.27840389100004, 27.540113332000033], [83.27430995400005, 27.540046894000056], [83.27010151700006, 27.540417457000046], [83.26697251600007, 27.54166914500007], [83.26618814100004, 27.543470082000056], [83.26360695400007, 27.543370770000024], [83.26562795300003, 27.54057670700007], [83.26466589100005, 27.538931207000076], [83.26118714100005, 27.536171207000052], [83.26236689100006, 27.535065082000074], [83.26220695300003, 27.532248207000066], [83.26144607800006, 27.531052832000057], [83.26162782900008, 27.52880414400005], [83.26034864100006, 27.528614582000046], [83.25621195300005, 27.529655270000035], [83.25513582800005, 27.527129081000055], [83.25269089100004, 27.52888501900003], [83.24897976600005, 27.52943814500003], [83.24909839100008, 27.530803895000076], [83.25064382800008, 27.533777145000045], [83.25151107800008, 27.537701207000055], [83.25061326600007, 27.539165269000023], [83.25127895300005, 27.540436956000065], [83.24829526600007, 27.54165514400006], [83.24698051600006, 27.53937126900007], [83.24433357900006, 27.539972957000032], [83.24386607800005, 27.537452269000028], [83.24208501600003, 27.53526964400004], [83.23823514100008, 27.534860520000052], [83.23670701600008, 27.53341252000007], [83.23309220400006, 27.531567207000023], [83.23253795400007, 27.529921519000027], [83.23040682900006, 27.528528769000047], [83.23176964100008, 27.52723889400005], [83.23194964100009, 27.524969957000053], [83.23291089100007, 27.524047895000024], [83.23209739100008, 27.522452644000055], [83.23051076600007, 27.522416832000033], [83.23234345400004, 27.520147957000063], [83.23281714100006, 27.518043144000046], [83.23428832900004, 27.516203207000046], [83.23335595300006, 27.514889332000052], [83.23367482900005, 27.51237745700007], [83.23277557800003, 27.511810645000025], [83.23155195400005, 27.506666082000038], [83.22915439100007, 27.504459582000038], [83.23029251600008, 27.501861957000074], [83.23194932900003, 27.501232644000027], [83.22997664100006, 27.497074395000027], [83.22910114100006, 27.494386645000077], [83.22624232900006, 27.49503189400008], [83.22612164100008, 27.49225589400004], [83.22424182900005, 27.492572519000078], [83.22315732900006, 27.49131195700005], [83.22486726600005, 27.489403520000053], [83.22374064100006, 27.488636832000054], [83.22491820400006, 27.485601769000027], [83.22166001600004, 27.48244945700003], [83.22318576600009, 27.48135458200005], [83.22104026600005, 27.47980814400006], [83.22394026600006, 27.479201645000046], [83.22405070400004, 27.477065457000037], [83.22260295300003, 27.47422558200003], [83.22328926600005, 27.472681520000037], [83.22648564100007, 27.472162269000023], [83.22550657800008, 27.470942894000075], [83.22610245300007, 27.46847989400004], [83.22838001500008, 27.469417707000048], [83.22937020400008, 27.468822894000027], [83.22825164100004, 27.466833394000048], [83.22841714100008, 27.463896457000033], [83.22744770300005, 27.463040395000064], [83.22700320300004, 27.460443019000024], [83.22590532900006, 27.459581769000067], [83.22556357800005, 27.456587832000025], [83.22449476600008, 27.45456239400005], [83.22171339100004, 27.454005331000076], [83.21973320400008, 27.452608832000067], [83.22101214100007, 27.450716081000053], [83.21919182800008, 27.44925051900003], [83.21992545400008, 27.446352895000075], [83.21903114100007, 27.444908207000026], [83.21969276600004, 27.442405019000034], [83.22201389100007, 27.440475270000036], [83.22308770400008, 27.438100707000046], [83.22635307900003, 27.437872895000055], [83.22929189100006, 27.435242394000056], [83.23179357800007, 27.434486770000035], [83.23331589100007, 27.43057576900003], [83.23230801600005, 27.429401394000024], [83.23029307800005, 27.428812582000035], [83.22517695300007, 27.42485133200006], [83.22561307800004, 27.423689395000054], [83.22482514100005, 27.421135269000047], [83.22053701600004, 27.418218582000065], [83.21903845300005, 27.41767545700003], [83.22181732900003, 27.415484207000077], [83.22817645400005, 27.411485019000054], [83.23001620300005, 27.410906269000066], [83.24218057800005, 27.40625695600005], [83.25915595400005, 27.394023395000033], [83.26085576600008, 27.395835331000058], [83.26500164100008, 27.401997019000078], [83.26736089100007, 27.401174582000067], [83.26986270300006, 27.395817332000036], [83.27083957900004, 27.394572332000052], [83.27303470400005, 27.393685769000058], [83.27563114100008, 27.39459958200007], [83.27528107900008, 27.39657664500004], [83.27400320300006, 27.399162707000073], [83.27427632900003, 27.40032164400003], [83.27617976600004, 27.40163351900003], [83.27939301600009, 27.402442207000036], [83.28443307900005, 27.401148082000077], [83.28624295400004, 27.401396582000075], [83.28889082900008, 27.403361957000072], [83.29071589100005, 27.406239207000056], [83.29108764100005, 27.409894269000063], [83.29004720300009, 27.413991207000038], [83.28841557800007, 27.42233851900005], [83.28850682900008, 27.425507082000024], [83.29109051600005, 27.42830920700004], [83.29428951600005, 27.429318269000078], [83.29776570400008, 27.429085332000056], [83.30070470400005, 27.42842545600007], [83.29954182900008, 27.43351695700005], [83.30176151600006, 27.436357645000044], [83.30209176600005, 27.438988082000037], [83.30143964200005, 27.439831019000053], [83.29787526600006, 27.439896582000074], [83.29655845400003, 27.441250582000066], [83.29767845400005, 27.442614582000033], [83.30001082800004, 27.44325145700003], [83.29607014100003, 27.445763269000054], [83.29593214100004, 27.449226207000038], [83.29854014100005, 27.45103770600008], [83.29982139100008, 27.450622207000038], [83.30131864100008, 27.451809895000054], [83.30353695400004, 27.451356144000044], [83.30414070300003, 27.45495595700004], [83.30673864100004, 27.455442769000058], [83.31054039100007, 27.457296082000028], [83.30908070400005, 27.45990183200007], [83.31119551600005, 27.46488326900004], [83.31191020400007, 27.467982644000074], [83.31686251600007, 27.467339082000024], [83.31715976600003, 27.469292394000036], [83.31897870400007, 27.47387733200003], [83.32144564100008, 27.478896457000076], [83.32169482900008, 27.480962331000057], [83.31807814100006, 27.482165395000038], [83.31425226600004, 27.48447070700007], [83.31184776600008, 27.48678976900004], [83.31184701600006, 27.48838733100007], [83.31406057800007, 27.490194332000044], [83.31312657800004, 27.492987707000054], [83.31388970400008, 27.494340832000034], [83.31369289100007, 27.49618789400006], [83.31763576600008, 27.49632239400006], [83.31926445300007, 27.497099769000044], [83.31881389100005, 27.499785019000058], [83.32140945300006, 27.49775333200006], [83.32323626600004, 27.500013582000065], [83.32507339100005, 27.501422082000033], [83.32548764100005, 27.503152519000025], [83.32835151600005, 27.502658707000023], [83.32899795400004, 27.504261582000026], [83.33176170400003, 27.50656520700005], [83.33053007800004, 27.508405019000065], [83.32781414100003, 27.509680332000073], [83.32824389100006, 27.511480832000075], [83.32582582800006, 27.510988519000023], [83.32490339100008, 27.51372333200004], [83.32283739100006, 27.51359370700004], [83.32013145300004, 27.51454627000004], [83.31895745300005, 27.516239582000026], [83.32031382900004, 27.51806720700006], [83.32351151600005, 27.517848082000057], [83.32503364100006, 27.518403832000047], [83.32572826600006, 27.52029126900004], [83.32332995300004, 27.522797832000037], [83.32145057900004, 27.52384008200005], [83.31937982800008, 27.52352995700005], [83.31588214100003, 27.52394601900005], [83.31083664100004, 27.523997832000077], [83.31112851700004, 27.52498758200005], [83.30947851600007, 27.526513770000065], [83.31091301600009, 27.52965958200008], [83.30983901600007, 27.530545519000043], [83.31070682900008, 27.53192401900003], [83.31112589100007, 27.535105394000027], [83.31240489100009, 27.53606164400003]], [[83.27102745400003, 27.505869894000057], [83.28631295300005, 27.505788894000034], [83.28675914100006, 27.504881832000024], [83.28651239100003, 27.493501457000036], [83.28632726600006, 27.478165770000032], [83.28591557900006, 27.463086144000044], [83.28521657800007, 27.462134895000077], [83.26995157800008, 27.462175270000046], [83.26958889100007, 27.462570519000053], [83.26983926600008, 27.48147620700007], [83.27025695300006, 27.50494070700006], [83.27102745400003, 27.505869894000057]]]}}, {"type": "Feature", "properties": {"slug": "gulmi-resunga", "municipality": "Resunga", "district": "Gulmi"}, "geometry": {"type": "Polygon", "coordinates": [[[83.32870345400005, 28.11571002000005], [83.32701476600005, 28.116143958000066], [83.32517495400003, 28.11779777000004], [83.32418926700007, 28.119904770000062], [83.32159151600007, 28.11934820700003], [83.31814782900005, 28.120310333000077], [83.31709245400003, 28.117868333000047], [83.31347889100005, 28.117487020000056], [83.31099045300004, 28.119247958000074], [83.30684914100004, 28.11945270800004], [83.30440314100008, 28.11886045700004], [83.30017945300006, 28.120039270000063], [83.29618814100007, 28.119098333000068], [83.29331639100008, 28.119399395000073], [83.29198251600008, 28.115728395000076], [83.29077570300007, 28.114544395000053], [83.29034607800008, 28.11210995700003], [83.28786326600004, 28.11235883200004], [83.28060170400005, 28.10764377000004], [83.28051445300008, 28.106512958000053], [83.28174464100005, 28.10171589500004], [83.28048301600006, 28.10234777000005], [83.27957689100003, 28.104779707000034], [83.27772095300008, 28.106107957000063], [83.27426326600005, 28.106646957000066], [83.27133295400006, 28.107806895000067], [83.27033532800004, 28.109320082000067], [83.26710989100008, 28.112461582000037], [83.26605526600008, 28.11472120700006], [83.26386864100004, 28.115278020000062], [83.26071014100006, 28.114771458000064], [83.26226451600007, 28.112291207000055], [83.25903957900005, 28.110732833000043], [83.25672989100008, 28.11115127000005], [83.25789576600005, 28.108969020000075], [83.25804645300008, 28.107036270000037], [83.25530851600007, 28.106565645000046], [83.25403614100009, 28.10395283200006], [83.25003039100005, 28.103536145000078], [83.24949864100006, 28.10141914500008], [83.24835926600008, 28.101473833000057], [83.24692726600006, 28.10403583300007], [83.24469814100007, 28.104820020000034], [83.24119064100006, 28.104200457000047], [83.24063614100004, 28.105934707000074], [83.24095201600005, 28.109045520000052], [83.23948507800003, 28.110303145000046], [83.23866457800005, 28.11239683200006], [83.23921439100008, 28.114667395000026], [83.23528095400007, 28.11486889500003], [83.23340232900006, 28.112530020000065], [83.23374789100006, 28.111164708000047], [83.23306232900006, 28.10849620700003], [83.23316807800006, 28.105922458000066], [83.23170657900005, 28.105291583000053], [83.23353526600005, 28.10259433300007], [83.23259414100005, 28.101158707000025], [83.23230420400006, 28.09886020700003], [83.23324951600006, 28.09558720800004], [83.23234301600007, 28.095065457000032], [83.23025957900006, 28.097012207000034], [83.22913001600006, 28.095435520000024], [83.22629707800007, 28.095358645000033], [83.22418826500007, 28.09741795700006], [83.22187614100005, 28.097183708000045], [83.22053564100008, 28.098098895000078], [83.21987682800005, 28.100484520000066], [83.21663795400008, 28.101637020000055], [83.21667370300008, 28.103812207000033], [83.21515414100008, 28.107546583000044], [83.21210595300005, 28.108111207000036], [83.21197332800006, 28.105628645000024], [83.21289857800008, 28.104280208000034], [83.21182482800003, 28.10035952000004], [83.20780076600005, 28.101220770000054], [83.20416882800004, 28.099958833000073], [83.20475526600006, 28.097818833000076], [83.20424064100007, 28.095191895000028], [83.20603632800004, 28.090910957000062], [83.20582420300008, 28.08953120800004], [83.20695626600008, 28.08776883300004], [83.20518001600004, 28.084974395000074], [83.20309726600004, 28.083008457000062], [83.20622220400008, 28.076837770000054], [83.20423557800007, 28.075219832000073], [83.20290939100005, 28.072455020000064], [83.20416876600007, 28.06943902000006], [83.20735326600004, 28.06666420700003], [83.21136989100006, 28.066642270000045], [83.21307257800004, 28.065810395000028], [83.21342120400004, 28.064352645000042], [83.21671557800005, 28.06083595700005], [83.21721001600008, 28.059514395000065], [83.22087439100005, 28.059099770000046], [83.22163895400007, 28.058052708000048], [83.22243445300006, 28.054108832000054], [83.22573245400008, 28.053073770000026], [83.22882251600004, 28.051173395000035], [83.23168332900008, 28.048409708000065], [83.23263926600004, 28.044791582000073], [83.23458170300006, 28.040553895000073], [83.23535082900008, 28.038056020000056], [83.23566982800008, 28.034213145000024], [83.23495064100007, 28.032571145000077], [83.23585026600006, 28.03066958200003], [83.23535957900003, 28.02926345700007], [83.23486645300005, 28.023356145000037], [83.23570820300006, 28.020594645000074], [83.23805864100007, 28.01786864500008], [83.23941945400009, 28.01724445800005], [83.23884814100006, 28.01573858200004], [83.24018995400007, 28.01383045700004], [83.24031789100007, 28.01040395800004], [83.24160932800004, 28.00966426900004], [83.24184914100005, 28.00781095700006], [83.24373164100007, 28.008459832000028], [83.24602726600006, 28.008102395000037], [83.24539857900004, 28.006481207000036], [83.24670107900005, 28.00005127000003], [83.24801395300005, 27.997549520000064], [83.25061576600007, 27.997004207000032], [83.25411476600004, 27.995080520000045], [83.25341307800005, 27.99029802000007], [83.25420239100004, 27.987152520000052], [83.25563282800005, 27.98599377000005], [83.26026782800005, 27.986961895000036], [83.26123776600008, 27.987862832000076], [83.26488207800008, 27.988773583000068], [83.26455614100007, 27.990626457000076], [83.26591307900009, 27.99327358200003], [83.26573182900006, 27.99610420700003], [83.27069464100003, 27.996656333000033], [83.27312707800007, 27.998404270000037], [83.27055464100005, 28.000405520000072], [83.26969089100004, 28.003814645000034], [83.26993695400006, 28.005963894000047], [83.26829326600006, 28.01119645700004], [83.26895139100003, 28.014922770000055], [83.27139226600008, 28.01552458200007], [83.27505001600008, 28.014903208000078], [83.27493157900005, 28.018203457000027], [83.27361526600004, 28.020270020000055], [83.27478595300005, 28.021632208000028], [83.27746120300003, 28.021143145000053], [83.27898564100008, 28.022071708000055], [83.27908532900005, 28.027864083000054], [83.28150482800004, 28.03001564500005], [83.28133007800005, 28.03196639500004], [83.28188626600007, 28.034796395000058], [83.27940070400007, 28.03816327000004], [83.27915789100007, 28.040249020000033], [83.28487326600003, 28.04205683200007], [83.28714495400004, 28.043208020000066], [83.29062107800007, 28.043422332000034], [83.28932307900004, 28.04742727000007], [83.28631957900006, 28.05180233200008], [83.28568907900006, 28.055758770000068], [83.28320889100007, 28.06083370700003], [83.28524757900004, 28.064722833000076], [83.28210482900005, 28.064167145000056], [83.28447226600008, 28.066760645000045], [83.28869982800006, 28.07454189500004], [83.28895095300004, 28.080641770000057], [83.29081745400003, 28.082704582000076], [83.29337864100006, 28.084024145000058], [83.29386951600003, 28.081910395000023], [83.29797689100008, 28.081130458000075], [83.29826814100005, 28.079320207000023], [83.30101614100005, 28.08102414500007], [83.30454114100007, 28.081479770000044], [83.30913401600003, 28.08015370700008], [83.31076901600005, 28.081477332000077], [83.31420707900008, 28.083267895000063], [83.31614232900006, 28.08580239500003], [83.31611395400006, 28.08727333300004], [83.31441095400004, 28.089674520000074], [83.31498389100005, 28.092549520000034], [83.31425345400004, 28.094833707000078], [83.31547176600003, 28.098959708000052], [83.32062614100005, 28.101101708000044], [83.32398720300006, 28.10713345700003], [83.32486257800008, 28.10997608200006], [83.32815651600004, 28.112566645000072], [83.32870345400005, 28.11571002000005]]]}}, {"type": "Feature", "properties": {"slug": "ilam-phakphokthum", "municipality": "Phakphokthum", "district": "Ilam"}, "geometry": {"type": "Polygon", "coordinates": [[[87.78710682400003, 27.01724299700004], [87.78463133300005, 27.01623358200004], [87.78164883300008, 27.014059019000058], [87.78054520700005, 27.012501331000067], [87.77777420800004, 27.013482519000036], [87.77608233200004, 27.013207519000048], [87.77314520800007, 27.013857769000026], [87.77009702000004, 27.01291989400005], [87.76661220700004, 27.012859957000046], [87.76316877100004, 27.01595889400005], [87.76096389500003, 27.017044894000037], [87.75730089500007, 27.020041082000034], [87.75376395800004, 27.020337581000035], [87.75182864500005, 27.020023019000064], [87.74642339600007, 27.020897957000045], [87.74274508300005, 27.01915501900004], [87.73955877000003, 27.01575989400004], [87.73934183200004, 27.014576331000058], [87.73703895800008, 27.010411456000043], [87.73648783300007, 27.007318332000068], [87.73520883300006, 27.00600720600005], [87.73285714500008, 27.00524989400003], [87.72965508300007, 27.003016769000055], [87.72460314500006, 27.000644081000075], [87.72115202000003, 27.000000644000067], [87.72084602000007, 26.99881745600004], [87.71889645800007, 26.997784894000063], [87.71689370800004, 26.995703268000057], [87.71645839600006, 26.99399270600003], [87.71435520700004, 26.991949894000072], [87.71265145700005, 26.989417582000044], [87.70990258300003, 26.98660851900007], [87.70814777100009, 26.985545456000068], [87.70801633300005, 26.982558394000023], [87.70727928200006, 26.980898961000037], [87.70523283300008, 26.979094893000024], [87.70232508300006, 26.977608832000044], [87.69996139500006, 26.975704706000045], [87.69470870700007, 26.975613331000034], [87.69275858200007, 26.974375019000036], [87.68963733200007, 26.969222769000055], [87.68518814600003, 26.96004651900006], [87.68329733300004, 26.95396964300005], [87.68252383300006, 26.95296014400003], [87.67982502100006, 26.95182683200005], [87.68288689500008, 26.94813151900007], [87.68288983200006, 26.946427769000024], [87.68774708300003, 26.94494864400008], [87.69033252000008, 26.94185570700006], [87.69436120800003, 26.939069394000057], [87.69954064500007, 26.93612826900005], [87.70073927100003, 26.93584701900005], [87.70471514500008, 26.93162770600003], [87.70630320700008, 26.931220332000066], [87.70882183200007, 26.92874570600003], [87.70484883200004, 26.92762151900007], [87.70326770700007, 26.926704207000057], [87.69781964500004, 26.924770269000078], [87.69647333300009, 26.92199676900003], [87.69796752000008, 26.91750545600007], [87.70019539500004, 26.914743644000055], [87.70068777000006, 26.91121633100005], [87.69993052000007, 26.910060206000026], [87.70254139500008, 26.911358332000077], [87.70332570700003, 26.91249626900003], [87.70764783200008, 26.91197820600007], [87.70996877000005, 26.912381769000035], [87.71519477000004, 26.911497894000036], [87.71949833300005, 26.912130456000057], [87.72595820800007, 26.911321144000055], [87.72898327000007, 26.913656957000057], [87.73508695800007, 26.91576451900005], [87.73719395800003, 26.916236457000025], [87.74130152000004, 26.916400019000037], [87.74477608300003, 26.918408144000068], [87.74745445800005, 26.918378269000073], [87.75301614500006, 26.921419894000053], [87.75599233300005, 26.922157706000064], [87.75877220800004, 26.923932207000064], [87.75972320700004, 26.92383908100004], [87.76338320700006, 26.926193269000066], [87.76529345800003, 26.926101706000054], [87.76754477000009, 26.925076269000044], [87.76701895800005, 26.924014019000026], [87.76669733300008, 26.91879626900004], [87.76763845800008, 26.916780519000042], [87.76905445800008, 26.915854394000064], [87.77012170800003, 26.91388989400008], [87.77122102000004, 26.915804207000065], [87.77360427000008, 26.91802070600005], [87.77624170700005, 26.92222601900005], [87.77768527000006, 26.92540214400003], [87.78083039500007, 26.92622645600005], [87.78138877100008, 26.92761120600005], [87.78368964600008, 26.928846332000035], [87.78327089500004, 26.93083445600007], [87.78535395800003, 26.934142331000032], [87.78681570800006, 26.934531332000063], [87.78775420800008, 26.93643514400003], [87.79053952000004, 26.936985957000047], [87.79139014500004, 26.93881126900004], [87.79100745800008, 26.939989144000037], [87.79310433300003, 26.941349331000026], [87.79316752100004, 26.94399145600005], [87.79431558300007, 26.944422769000028], [87.79588839500008, 26.946440332000066], [87.79725920800007, 26.946491206000076], [87.80089983200008, 26.94972233200008], [87.80072020800003, 26.95146995600004], [87.80255758200008, 26.953131644000052], [87.80237470700007, 26.954414394000025], [87.80497633300007, 26.95535176900006], [87.80667089500008, 26.95743851900005], [87.80827652000005, 26.957284894000054], [87.81035202100009, 26.95876233200005], [87.81354789500006, 26.958962831000065], [87.81176745800008, 26.96053914400005], [87.81617927000008, 26.961716393000074], [87.81740045800007, 26.96316708100005], [87.81983289600004, 26.96356133100005], [87.81982270800006, 26.965542706000065], [87.81896245800004, 26.966470644000026], [87.81987177000008, 26.96910101900005], [87.81885577000008, 26.969921519000025], [87.81946652100004, 26.97156301900003], [87.81870627100005, 26.972664144000078], [87.81877733300007, 26.976305832000037], [87.81718933300004, 26.97691751900004], [87.81709339600008, 26.97985389400003], [87.81881764500008, 26.98038545600008], [87.81926270800005, 26.982463394000035], [87.81898727100008, 26.98530145600006], [87.81484583300005, 26.990143206000027], [87.81193777000004, 26.99234889400003], [87.81142183300005, 26.99425864400007], [87.81114808300003, 26.99920883200008], [87.81004008300005, 27.001198706000025], [87.80762845800007, 27.002074581000045], [87.80313517200005, 27.005191498000045], [87.79916854000004, 27.006338842000048], [87.79780695000005, 27.008838025000045], [87.79490612900008, 27.01137873700003], [87.79234413600005, 27.012721508000027], [87.78710682400003, 27.01724299700004]]]}}, {"type": "Feature", "properties": {"slug": "jhapa-gauradaha", "municipality": "Gauradaha", "district": "Jhapa"}, "geometry": {"type": "Polygon", "coordinates": [[[87.78723377000006, 26.521560581000074], [87.78538658300005, 26.52467376900006], [87.78582633300005, 26.52891614300006], [87.78412320800004, 26.530083268000055], [87.78386633300005, 26.533727018000036], [87.78051227000003, 26.53378826900007], [87.77746220700004, 26.535217644000056], [87.77637739600004, 26.536846143000048], [87.77682227000008, 26.537895331000072], [87.77449745700005, 26.53871814400003], [87.77444064500008, 26.541645394000057], [87.77343064500008, 26.543510393000076], [87.77116239600008, 26.543989831000033], [87.76398502000006, 26.54363358100005], [87.76060764500005, 26.543730581000034], [87.75732652000005, 26.542527206000045], [87.75465514500007, 26.542475893000073], [87.75322964600008, 26.543099519000066], [87.74937808300007, 26.54348995600003], [87.74363327000003, 26.542809143000056], [87.74115958200008, 26.543936831000053], [87.74170864600006, 26.546599206000053], [87.74470120800004, 26.548668769000074], [87.74444239500008, 26.550270144000024], [87.74309327000003, 26.55255870600007], [87.74526733300007, 26.552897144000042], [87.74801914500006, 26.55805739400006], [87.74686652000008, 26.559968018000063], [87.74374408300008, 26.560665956000037], [87.74037995800006, 26.563190706000057], [87.74070427000004, 26.565335143000027], [87.73663833200004, 26.56676214400005], [87.73379914500003, 26.568227893000028], [87.73401802000006, 26.570370581000077], [87.72934883200008, 26.577451331000077], [87.72788577000006, 26.57758295600007], [87.72671027100006, 26.579534206000062], [87.72701864500004, 26.58137189300004], [87.72564827000008, 26.58228833100003], [87.72544089500008, 26.584825894000062], [87.72338108200006, 26.586779394000075], [87.72232033200004, 26.586936019000063], [87.72142589500004, 26.588811331000045], [87.72295283300008, 26.590130518000024], [87.72011345800007, 26.597592081000073], [87.72059558200004, 26.599320456000044], [87.72207370800004, 26.59973958100005], [87.72513664500008, 26.60325795600005], [87.72602777000003, 26.605927644000076], [87.72497808300005, 26.60658289400004], [87.72621752000003, 26.608740769000065], [87.72529727000006, 26.609226143000058], [87.72620127000005, 26.613825206000058], [87.72833245800007, 26.615937831000053], [87.72639745800006, 26.617556769000032], [87.72327277000005, 26.61795858100004], [87.72160727000005, 26.620022893000055], [87.72363395800005, 26.623375081000063], [87.72303720700006, 26.62550620600007], [87.72348964600008, 26.626885018000053], [87.72101639500005, 26.62789051900006], [87.71865752100007, 26.628134894000027], [87.71409308300008, 26.626219331000073], [87.71415520800008, 26.62308445700006], [87.71608964500007, 26.62284008100005], [87.71605633300004, 26.62092883100007], [87.71497858300006, 26.61659233100005], [87.71224014500007, 26.616730206000057], [87.70936277000004, 26.61621658200005], [87.70841570800008, 26.614406831000053], [87.70994170800003, 26.611788269000044], [87.70949458300004, 26.607881831000043], [87.70952183300005, 26.60344501900005], [87.70650114500006, 26.602543831000048], [87.70469314600007, 26.601446956000075], [87.70313039500007, 26.60226489400003], [87.70194383300003, 26.600774518000037], [87.70220808300007, 26.598827956000036], [87.70331258300007, 26.59746845600006], [87.70237083300003, 26.596592956000052], [87.70173970800005, 26.592204519000063], [87.70004389500008, 26.590745956000035], [87.69615658200007, 26.590918518000024], [87.69385108200004, 26.589068018000034], [87.69256939500008, 26.589548144000048], [87.68710558200007, 26.59275658100006], [87.68373920700003, 26.59220864400004], [87.68069033300009, 26.590386269000078], [87.67935433300005, 26.590291081000032], [87.67757352000007, 26.58883045600004], [87.67835945800005, 26.58748395600003], [87.67793470700008, 26.58483889400003], [87.67661327000008, 26.582620018000057], [87.67468552000008, 26.582401206000043], [87.67392377000004, 26.583479019000038], [87.67275358300003, 26.58759170600007], [87.66598920700005, 26.585736956000062], [87.66260952000005, 26.58751301800004], [87.65865358300005, 26.590717831000063], [87.65809027000006, 26.592625144000067], [87.65696358300005, 26.592801768000072], [87.65440783300005, 26.591098518000024], [87.65247220700007, 26.589076331000058], [87.65003145800006, 26.588044894000063], [87.64698964500008, 26.587465206000047], [87.64463595800004, 26.583921581000027], [87.64352339600003, 26.582145956000033], [87.63865302000005, 26.580739393000044], [87.63834895800005, 26.579989269000066], [87.64163302000009, 26.577686206000067], [87.64341358300004, 26.57528608100006], [87.64325352000003, 26.571233643000028], [87.64330339500003, 26.562750331000075], [87.64390370800004, 26.557902394000052], [87.64433358300005, 26.556456206000064], [87.64710514600006, 26.55318939400007], [87.64797389500006, 26.55092645600007], [87.64842439500006, 26.54726170600003], [87.64759858300005, 26.543979643000057], [87.64498127000007, 26.54024983100004], [87.64429445800005, 26.53396339300008], [87.64309395800007, 26.529125831000044], [87.64316445800006, 26.52761345600004], [87.64515358300008, 26.52305258100006], [87.64438939500008, 26.516256518000034], [87.64562633300005, 26.509785269000076], [87.64514545800006, 26.507122206000076], [87.64685820800008, 26.503560081000046], [87.64756102000007, 26.49995283100003], [87.65010364500006, 26.498144893000074], [87.65100208300004, 26.496782206000034], [87.65128570700006, 26.49347251900008], [87.65102789500008, 26.490673143000038], [87.65130708300006, 26.48458983100005], [87.65208570800007, 26.48190076800006], [87.65424783200007, 26.477973081000073], [87.66034670700003, 26.47334126900006], [87.66226089500003, 26.471073268000055], [87.66246333300006, 26.46953108100007], [87.66564258300008, 26.470552144000067], [87.66705152000009, 26.47310245600005], [87.67119945700006, 26.473787143000038], [87.67426702000006, 26.473359706000053], [87.67839289600005, 26.471133018000046], [87.67863589500007, 26.46970108100004], [87.68075470800005, 26.46893276800006], [87.68279095700007, 26.469062956000073], [87.68249752100007, 26.47085845600003], [87.68374914500004, 26.47292870600006], [87.68389877100003, 26.474902644000053], [87.68582883300007, 26.476028581000037], [87.68692752000004, 26.48029764300003], [87.68843945800006, 26.482140831000038], [87.68872814500008, 26.483561144000078], [87.68723783200005, 26.484723831000053], [87.68781083300007, 26.485765956000023], [87.69047508200003, 26.48736214300004], [87.68845664600008, 26.488398706000055], [87.68892908200007, 26.49118351800007], [87.68860514500005, 26.49343501900006], [87.68743664500005, 26.49443139300007], [87.68864764600005, 26.496461144000023], [87.69568833300008, 26.496079456000075], [87.69467233300009, 26.49489508100004], [87.69705227100008, 26.491832394000028], [87.69606670700006, 26.49122333100007], [87.69829683200004, 26.489231018000055], [87.70028445800006, 26.486641831000043], [87.70019752000007, 26.48470820600005], [87.69911820800007, 26.48248839400003], [87.70229514500005, 26.478886831000068], [87.70598602000007, 26.47611308100005], [87.70759539600004, 26.478379956000026], [87.71045245700003, 26.478792269000053], [87.71123020800007, 26.47712070600005], [87.71369445700003, 26.47697070600003], [87.71576633300003, 26.478366331000075], [87.71761808300005, 26.48216870600004], [87.71944902100006, 26.484917206000034], [87.72679233300005, 26.485933894000027], [87.73072502000008, 26.484580081000047], [87.73203314500006, 26.481847206000054], [87.73421970800007, 26.480811456000026], [87.73735402100004, 26.481124769000076], [87.73942908200007, 26.48238008100003], [87.74122827100007, 26.482637018000048], [87.74292677100004, 26.48050239400004], [87.74767427000006, 26.480822893000038], [87.74995527000004, 26.480648393000024], [87.75136808200006, 26.481554956000025], [87.75536833200005, 26.482172519000073], [87.75771252100003, 26.484552206000046], [87.76190239500005, 26.482052018000047], [87.76240558200004, 26.480869143000064], [87.76188820700008, 26.478278894000027], [87.76477470800006, 26.478098706000026], [87.76473758300006, 26.476088144000073], [87.76211520700008, 26.475524456000073], [87.76005614500008, 26.477302456000075], [87.75810558200004, 26.475654081000073], [87.75883983300008, 26.472998518000054], [87.76126952100003, 26.47373483100006], [87.76712852000009, 26.476533456000027], [87.76939127000009, 26.478626769000073], [87.77407133300005, 26.48049039400007], [87.77728277000006, 26.48117251800005], [87.78356920800007, 26.483203081000056], [87.78453027000006, 26.484206519000054], [87.78864952000004, 26.48669558100005], [87.79448002000004, 26.488816143000065], [87.79522827000005, 26.49167576900004], [87.79391827000006, 26.492560893000075], [87.79157495700008, 26.49125601800006], [87.79010677100007, 26.49166358100007], [87.79038708300004, 26.49441970600003], [87.78610227000007, 26.49621720600004], [87.78638239500003, 26.49895526800003], [87.79045095700008, 26.498993768000048], [87.79099727000005, 26.501315144000046], [87.78906664600004, 26.503889456000024], [87.78770370800004, 26.50761151900008], [87.78628077000008, 26.50815645600005], [87.78368614500005, 26.50728389300008], [87.78336820700008, 26.509318894000046], [87.78174308300004, 26.51270614400005], [87.78395689500007, 26.51613095600004], [87.78289777100008, 26.517623956000023], [87.78302120800004, 26.52028845600006], [87.78547227100006, 26.520026706000067], [87.78723377000006, 26.521560581000074]]]}}, {"type": "Feature", "properties": {"slug": "sunsari-ramdhuni", "municipality": "Ramdhuni", "district": "Sunsari"}, "geometry": {"type": "Polygon", "coordinates": [[[87.25678108300008, 26.716651893000062], [87.25450389500008, 26.719041394000044], [87.25033695700006, 26.722418206000043], [87.24904502000004, 26.726096706000078], [87.24907358300004, 26.729985081000052], [87.24825795700008, 26.73231095600005], [87.24351164500007, 26.735528268000053], [87.23755827000008, 26.737601082000026], [87.23125001900007, 26.737995144000024], [87.22888814500004, 26.739346268000077], [87.22461645700008, 26.740237706000073], [87.22161833200005, 26.74134151900006], [87.21600864500004, 26.742268643000045], [87.21496058200006, 26.74417495600005], [87.21193364500004, 26.74714489400003], [87.21003314500007, 26.749792644000024], [87.20734477000008, 26.747361519000037], [87.20700883300003, 26.74642320600003], [87.20764664400008, 26.74192233100007], [87.20593802000008, 26.73859383100006], [87.20619964400004, 26.732640081000056], [87.20533408200004, 26.731070643000066], [87.20268108300007, 26.729415768000024], [87.19953008200008, 26.72966845600007], [87.19919358300007, 26.72876845600007], [87.19649258300007, 26.728334456000027], [87.19654358300005, 26.72657858100007], [87.19292226900006, 26.722686143000033], [87.19145739500004, 26.721972769000047], [87.18815420800007, 26.718406956000024], [87.18873577000005, 26.716921206000052], [87.18708002000005, 26.716034206000074], [87.17963370700005, 26.715615143000036], [87.17554295700006, 26.716568018000032], [87.17420264500004, 26.716409456000065], [87.16931302000006, 26.718687956000053], [87.16991795700005, 26.720964269000035], [87.17232152000008, 26.725332768000044], [87.17047802000008, 26.72744958100003], [87.16770633200008, 26.724169268000026], [87.16816289400003, 26.72250776800007], [87.16653433200008, 26.72057114300003], [87.16195764500009, 26.71891770600007], [87.16128427000007, 26.717882581000026], [87.15858770700004, 26.717896894000035], [87.15454127000004, 26.71650895600004], [87.15205408200006, 26.717116456000042], [87.15029464400004, 26.71309676800007], [87.14900364500005, 26.712425581000048], [87.14798420700004, 26.70892189400007], [87.14565370800005, 26.708152519000066], [87.14470995700003, 26.70578376800006], [87.14113358200007, 26.703521644000034], [87.13985114400003, 26.700979518000054], [87.14036808200007, 26.69941508200003], [87.13764827000006, 26.69566470600006], [87.13542083200008, 26.695944456000063], [87.13487777000006, 26.694566081000062], [87.13061401900006, 26.69503039400007], [87.13148633300005, 26.691019331000064], [87.12827726900008, 26.688848956000072], [87.12737570700006, 26.687240707000058], [87.12602639500005, 26.682552332000057], [87.12355320800003, 26.681279394000057], [87.12367239500009, 26.679124081000055], [87.12151301900008, 26.678482769000027], [87.11963339400006, 26.677157331000046], [87.11848320700005, 26.674517894000076], [87.11925339500004, 26.673472331000028], [87.11742845700007, 26.670560331000047], [87.11318502000006, 26.668130956000027], [87.11258189500006, 26.663107894000063], [87.11157301900005, 26.661783894000052], [87.11105508200006, 26.659949519000065], [87.11275895700004, 26.65860314400004], [87.11270533300006, 26.657057269000063], [87.11392352000007, 26.655440456000065], [87.11391583200003, 26.653398019000065], [87.11647195700004, 26.65474776800005], [87.11473958300007, 26.65704889400007], [87.11901776900004, 26.657645643000023], [87.12170364400004, 26.658631893000063], [87.12393670700004, 26.66076258100003], [87.12444645800008, 26.654199393000056], [87.12548858200006, 26.652575768000077], [87.12949958200005, 26.652091581000036], [87.13230414500003, 26.650976394000054], [87.13685864400009, 26.647476268000048], [87.13871489400003, 26.645019081000044], [87.13849964500008, 26.640950331000056], [87.14026770700008, 26.639181519000033], [87.14800745800005, 26.639358706000053], [87.15052745700007, 26.635357018000036], [87.16033758200007, 26.636267081000028], [87.16194601900008, 26.636671456000045], [87.16609833200005, 26.63674114400004], [87.16924664500004, 26.63631314400004], [87.17161639400007, 26.634622269000033], [87.17581895700005, 26.636411269000064], [87.18236045800006, 26.651270768000074], [87.18617939500007, 26.64893458100005], [87.18676589500006, 26.646643143000063], [87.18815101900003, 26.646074894000037], [87.19197264400003, 26.651319081000054], [87.19386570700004, 26.651269081000066], [87.19752852000005, 26.650268894000078], [87.20005958200005, 26.65023820700003], [87.20126351900007, 26.651807206000058], [87.20342964500009, 26.65240670600008], [87.20700577000008, 26.651767393000057], [87.21150395800004, 26.652512268000066], [87.21041120800004, 26.650369956000077], [87.20989983200008, 26.64660401900005], [87.20863614400008, 26.644708018000074], [87.21317808300006, 26.64461551900007], [87.21676714400007, 26.648318018000055], [87.21810614500004, 26.647979706000058], [87.21988420700006, 26.648904456000025], [87.22395445700005, 26.64980083100005], [87.22271902000006, 26.654952768000044], [87.22339139500008, 26.656330644000036], [87.21949002000008, 26.659805394000045], [87.21764383200008, 26.655502268000077], [87.21477727000007, 26.655793206000055], [87.21160745700007, 26.65724908100003], [87.21193639500007, 26.659351956000023], [87.21307533200007, 26.66078783100005], [87.21337658200008, 26.664111581000043], [87.21436670700007, 26.665644706000023], [87.21285370700008, 26.666899519000026], [87.21477464400004, 26.66952801800005], [87.21519302000007, 26.67108008100007], [87.22286089500005, 26.675132707000046], [87.22484027000007, 26.679198581000037], [87.22194808200004, 26.685860581000043], [87.21940527000004, 26.690001206000034], [87.21752945700007, 26.691886268000076], [87.21741595700007, 26.693779894000045], [87.22019177000004, 26.69511158100005], [87.22130464400004, 26.69288014400007], [87.22376964500006, 26.696823394000035], [87.22473508200005, 26.699038019000056], [87.22661208200003, 26.701276019000034], [87.22950826900006, 26.703419831000076], [87.23215714500003, 26.70407676900004], [87.23470308300006, 26.704004831000077], [87.23687020700004, 26.70330395600007], [87.24470189400006, 26.702518831000077], [87.24680958200008, 26.705500893000078], [87.24996589400007, 26.706443206000074], [87.25297889400008, 26.711007831000074], [87.25533470800008, 26.71576083100007], [87.25678108300008, 26.716651893000062]]]}}, {"type": "Feature", "properties": {"slug": "khotang-aiselukharka", "municipality": "Aiselukharka", "district": "Khotang"}, "geometry": {"type": "Polygon", "coordinates": [[[86.84738033200006, 27.432864769000048], [86.84488226900004, 27.432830456000033], [86.84199052000008, 27.431039957000053], [86.83962558200005, 27.430355769000073], [86.83755239500005, 27.430554207000057], [86.83329808200006, 27.431891832000076], [86.83071833200006, 27.435262270000067], [86.82768733200004, 27.436547019000045], [86.82540770700007, 27.439671770000075], [86.82424227000007, 27.439932019000025], [86.82187520700006, 27.43890458100003], [86.81695051900005, 27.43290033200003], [86.81344420700003, 27.430652707000036], [86.81106320700007, 27.425556457000027], [86.81063920700007, 27.422098832000074], [86.80830670700004, 27.417650270000024], [86.80621702000008, 27.41507708200004], [86.80096027000008, 27.412533395000025], [86.79722645700008, 27.41215339400003], [86.79373308200007, 27.410665769000047], [86.79103939400005, 27.407157332000054], [86.78955339400005, 27.407261144000074], [86.78427470700007, 27.410545394000053], [86.77890714400007, 27.411162019000074], [86.77363658200005, 27.41143564400005], [86.77191389500007, 27.41056183200004], [86.76986158200003, 27.408283832000052], [86.76801708100004, 27.40838233200003], [86.76460039400007, 27.403759769000033], [86.76399377000007, 27.402156519000073], [86.76256283200007, 27.40149520600005], [86.76198595600005, 27.399783769000067], [86.75995920600008, 27.398293206000062], [86.75904189500005, 27.40026158200004], [86.75589639400005, 27.397151145000066], [86.75418477000005, 27.394178519000036], [86.74998739400007, 27.39522702000005], [86.74905601900008, 27.396096457000056], [86.74358533200007, 27.397228332000054], [86.73974789500005, 27.39647208100007], [86.73656970700006, 27.39428176900003], [86.73295939400003, 27.394383206000043], [86.72691814500007, 27.39504845600004], [86.72346152000006, 27.394601645000023], [86.72011939500004, 27.395405082000025], [86.71741689400005, 27.394952832000058], [86.71218439400008, 27.39530089400006], [86.69873733100007, 27.39305664500006], [86.69038389500008, 27.393148895000024], [86.68672033200005, 27.392310270000053], [86.68333651900008, 27.38991751900005], [86.68376014400008, 27.384875082000065], [86.68581295700005, 27.381831144000046], [86.68478277000008, 27.37838983100005], [86.68469695700009, 27.372648957000024], [86.68361683200004, 27.36981908200005], [86.68118595700008, 27.365704394000034], [86.68234476900005, 27.36406426900004], [86.68239839500006, 27.362331332000053], [86.68149645600005, 27.35987414400006], [86.68233170600007, 27.35668976900007], [86.68100620600006, 27.353236519000063], [86.68171639400003, 27.348706957000047], [86.68312589400006, 27.34494858200003], [86.68096220600006, 27.343350457000042], [86.68075489400007, 27.342043395000076], [86.68204976900006, 27.33936108200004], [86.68115283100008, 27.33721077000007], [86.68179764400008, 27.33550851900003], [86.68410451900007, 27.33412370700006], [86.68521758200006, 27.330109582000034], [86.68499652000008, 27.327969832000065], [86.68257270600003, 27.325459582000065], [86.68308039500005, 27.32273708100007], [86.68597695700004, 27.320667581000066], [86.68638701900005, 27.319727519000025], [86.68503201900006, 27.314069519000043], [86.68639764400007, 27.313485832000026], [86.68795064400007, 27.315874519000033], [86.68986701900008, 27.31732751900006], [86.69553014400003, 27.31917683100005], [86.70307833200008, 27.31921783200005], [86.70685095700009, 27.31961395700006], [86.71022489400008, 27.320816957000034], [86.71428726900007, 27.323661832000028], [86.71359376900006, 27.328927269000076], [86.72082520700008, 27.33856839400005], [86.72317420700006, 27.34294176900005], [86.72888526900005, 27.34452801900005], [86.73759414400007, 27.345672894000074], [86.73814183200005, 27.343430957000066], [86.74158333200006, 27.33882945700003], [86.74232733200006, 27.33646589400007], [86.74113726900003, 27.331138270000054], [86.74111752000005, 27.32899676900007], [86.74247739400005, 27.327555019000044], [86.74185133200007, 27.32282189400007], [86.74520439500003, 27.316478019000044], [86.74530758200007, 27.314436019000027], [86.74655889400003, 27.310247831000027], [86.74508845700007, 27.308762582000043], [86.74656964400003, 27.307445207000058], [86.74779245700006, 27.307817457000056], [86.74934008200006, 27.310079081000026], [86.75155383100008, 27.31077808200007], [86.75345339400008, 27.313593144000038], [86.75406908200006, 27.315128644000026], [86.75674408100008, 27.316342832000032], [86.75921808200007, 27.314133457000025], [86.76015139500004, 27.314557019000063], [86.76038801900006, 27.317003644000067], [86.76377276900007, 27.31809701900005], [86.76577026900009, 27.320068082000034], [86.76737558200006, 27.322494332000076], [86.76817445700004, 27.324831207000045], [86.77136339400005, 27.324845457000038], [86.77114939400008, 27.326172020000058], [86.77296026900007, 27.326860957000065], [86.77238601900007, 27.328575019000027], [86.77389183200006, 27.331488456000045], [86.77529733200004, 27.332257956000035], [86.77725420700006, 27.331866207000076], [86.77705658200006, 27.333693707000066], [86.78253008200005, 27.33533833100006], [86.78703758200004, 27.338378082000077], [86.78736170600007, 27.33985889400003], [86.78917364400007, 27.342474770000024], [86.79663089400003, 27.34464308200006], [86.80279458200005, 27.345660645000066], [86.80585770700003, 27.344103394000058], [86.80799608200005, 27.34529777000006], [86.80951770700005, 27.34493208200007], [86.81213139500005, 27.345671269000036], [86.81564152000004, 27.345332894000023], [86.81728533200004, 27.346163269000044], [86.82177339500004, 27.346087832000023], [86.82324708200008, 27.34565189400007], [86.82563445700004, 27.346753831000058], [86.82566702000008, 27.348958581000034], [86.82782845700007, 27.35261014400004], [86.82716639400007, 27.353561582000054], [86.82698151900007, 27.357106394000027], [86.82559383200004, 27.357756832000064], [86.82547264500005, 27.360536769000078], [86.82340052000006, 27.365426394000053], [86.82525958100007, 27.36580333200004], [86.82822620700006, 27.36776120600007], [86.83175789500007, 27.37196720700007], [86.83243614400004, 27.376460832000078], [86.83354464500007, 27.377883832000066], [86.83338064500003, 27.381498644000033], [86.83215608200004, 27.384717269000078], [86.83230476900007, 27.387095832000057], [86.83413014400008, 27.39358564500003], [86.83528826900005, 27.39688383200007], [86.83776520700007, 27.400021081000034], [86.84006702000005, 27.401535644000035], [86.84343864400006, 27.402645207000035], [86.84670495600005, 27.405444645000046], [86.84817951900004, 27.408862706000036], [86.84999902000004, 27.411992269000052], [86.85177708200007, 27.414038582000046], [86.85269145700005, 27.419565832000046], [86.85254395700008, 27.424022394000076], [86.84995851900004, 27.429785082000024], [86.84738033200006, 27.432864769000048]]]}}, {"type": "Feature", "properties": {"slug": "bhojpur-pauwadungma", "municipality": "Pauwadungma", "district": "Bhojpur"}, "geometry": {"type": "Polygon", "coordinates": [[[87.21955158200007, 27.10589451900006], [87.21686677000008, 27.11220601900004], [87.21198489500006, 27.11381345700005], [87.21076170700007, 27.11595008200004], [87.20802183200004, 27.11625876900007], [87.20633527000007, 27.11798526900003], [87.20454014500007, 27.117933831000073], [87.20001333200008, 27.121754082000052], [87.19702633300005, 27.122699269000066], [87.19540508200004, 27.127686519000065], [87.19147120800005, 27.12925351900003], [87.18965301900005, 27.12835558100005], [87.18887464500006, 27.132129706000057], [87.18439670700008, 27.134911394000028], [87.18260583200004, 27.135486832000026], [87.18187714500004, 27.13725251900007], [87.17718726900006, 27.139208206000035], [87.17532808200008, 27.140934644000026], [87.17042814500007, 27.14371408200003], [87.16853877000005, 27.145803706000038], [87.16880614500008, 27.149793144000057], [87.16689058200006, 27.15117195700003], [87.16724183200006, 27.15345976900005], [87.16568833200006, 27.156819519000067], [87.16456795700003, 27.15731495600005], [87.16430183200004, 27.159511019000036], [87.16315258200007, 27.162075894000054], [87.16419477000005, 27.16307214400007], [87.16357020700008, 27.168619706000072], [87.16074252000004, 27.170019769000078], [87.16200783200009, 27.173265582000056], [87.16254689400006, 27.17655064400003], [87.16134502000006, 27.17775470600003], [87.16069939400006, 27.18241770700007], [87.16147314400007, 27.183944582000038], [87.16125220700008, 27.187792331000026], [87.16151401900004, 27.190211144000045], [87.16284189500004, 27.192649019000044], [87.15997720800004, 27.193782894000037], [87.15657677000007, 27.191496269000027], [87.15089064400007, 27.192865519000065], [87.15012183300007, 27.193789269000035], [87.14472433200007, 27.19556414500005], [87.14247614500005, 27.197667332000037], [87.13891870700007, 27.19832983200007], [87.13477777000008, 27.20018433100006], [87.13142033200006, 27.202268144000072], [87.12514945700008, 27.19780576900007], [87.11725026900007, 27.197507957000028], [87.11316833200004, 27.197802394000064], [87.10970701900004, 27.199470519000045], [87.10665452000006, 27.200242394000043], [87.10440845700003, 27.197057769000025], [87.10255114400007, 27.192785082000057], [87.10005558200004, 27.188239769000063], [87.09712045700007, 27.18185783100006], [87.09921983200007, 27.179863769000065], [87.09815601900004, 27.179343206000055], [87.09501464500005, 27.176249331000065], [87.09404889400008, 27.173189894000075], [87.09326814400004, 27.167079519000026], [87.09454583200005, 27.16449033200007], [87.09503252000007, 27.162316831000055], [87.09739702000007, 27.159963831000027], [87.09987745700005, 27.15646651900005], [87.10299320700005, 27.156105456000034], [87.10560614400003, 27.154652519000024], [87.10502526900007, 27.152622019000034], [87.10511302000003, 27.14696901900004], [87.10399758300008, 27.142434019000063], [87.10272464500008, 27.138989081000034], [87.10384933200004, 27.13691433200006], [87.10417158200005, 27.133860956000035], [87.10543033200008, 27.13098726900006], [87.10727352000004, 27.129683831000023], [87.10508670700005, 27.12863614400004], [87.10203808200004, 27.12601614400006], [87.09965526900004, 27.125015894000057], [87.09871151900006, 27.123032957000078], [87.09798752000006, 27.11786126900006], [87.09935951900007, 27.116413769000076], [87.09875570700007, 27.112659144000077], [87.10181633200006, 27.10781645700007], [87.10142283200008, 27.10628220700005], [87.10168408200008, 27.103073081000048], [87.10328195700004, 27.10003895600005], [87.10280858200008, 27.097353894000037], [87.10370164500006, 27.095417019000024], [87.10463114500004, 27.09375089400004], [87.11004727000005, 27.09118545700005], [87.11115770700007, 27.089022707000026], [87.11833683200007, 27.085570957000073], [87.11762095700004, 27.084258144000046], [87.11512152000006, 27.081881707000036], [87.11695727000006, 27.080652582000027], [87.11943389500004, 27.080237519000036], [87.12017151900005, 27.07864595600006], [87.12013602000007, 27.076355456000044], [87.12086239500007, 27.075167831000044], [87.12270339500003, 27.075509269000065], [87.12697226900008, 27.073339144000045], [87.12826602000007, 27.07265414400007], [87.13073458200006, 27.072796332000053], [87.13346495700006, 27.074567456000068], [87.13613595700008, 27.073235769000064], [87.14052614500008, 27.07304414400005], [87.14253302000003, 27.070954706000066], [87.14599245800008, 27.07049758100004], [87.14722214500006, 27.067955269000038], [87.14980001900005, 27.066029894000053], [87.15222339500008, 27.066185206000057], [87.15557820700008, 27.063794019000056], [87.15615589500004, 27.061816519000047], [87.15835326900003, 27.059769519000042], [87.16091539500007, 27.05943039400006], [87.16004808200006, 27.05549576900006], [87.16342926900006, 27.05471108200004], [87.16287589400008, 27.05286576900005], [87.16331027000007, 27.050635644000067], [87.16554395700007, 27.048836769000047], [87.16732195700007, 27.049385269000027], [87.16977464500007, 27.046830081000053], [87.17124402000007, 27.046133207000025], [87.17411745800007, 27.047524332000023], [87.17606520800007, 27.04637326900007], [87.17835170700005, 27.047277519000033], [87.17997164500008, 27.046465332000025], [87.18108114500006, 27.043636331000073], [87.18578645700006, 27.043339081000056], [87.18199314400005, 27.049678519000054], [87.18132202000004, 27.051999206000062], [87.18155752000007, 27.056767207000064], [87.18199202000005, 27.05832601900005], [87.18484295700006, 27.062623519000056], [87.18594639500003, 27.07136433100004], [87.18564689400006, 27.074169769000036], [87.18974820800008, 27.075240706000045], [87.19271083300004, 27.076559081000028], [87.19403889400007, 27.079240456000036], [87.19279577000003, 27.082200581000052], [87.19335995700004, 27.084621206000065], [87.19854983200008, 27.087604081000052], [87.20085289500008, 27.087858019000066], [87.20454108200005, 27.08739008200007], [87.20603477000003, 27.08936926900003], [87.20729701900007, 27.092106957000055], [87.20988827000008, 27.094562894000035], [87.21054608200006, 27.096583831000032], [87.21458108200005, 27.098362832000078], [87.21653152000005, 27.099853644000063], [87.21865827000005, 27.10297133100005], [87.21955158200007, 27.10589451900006]]]}}, {"type": "Feature", "properties": {"slug": "baglung-badigad", "municipality": "Badigad", "district": "Baglung"}, "geometry": {"type": "Polygon", "coordinates": [[[83.31911339100003, 28.337885208000046], [83.31718745300003, 28.340817583000046], [83.31713207900003, 28.34294714500004], [83.31346407800004, 28.344056833000025], [83.31132264100006, 28.344222021000064], [83.30902845400004, 28.347208833000025], [83.30595545400007, 28.348898895000048], [83.30176870400004, 28.34727339500006], [83.29898507800004, 28.34843008300004], [83.29586264100004, 28.347816083000055], [83.29274101600004, 28.344440520000035], [83.28918320400004, 28.343325520000064], [83.28723539100008, 28.34403508300005], [83.28525364100005, 28.342824458000052], [83.28173845300006, 28.341826833000027], [83.28111857900006, 28.335368708000033], [83.27924639100007, 28.333639645000062], [83.27812082800006, 28.33397208300005], [83.27526882900008, 28.333000396000045], [83.27393020400007, 28.33457933300008], [83.27030264100006, 28.333522083000048], [83.26849045400007, 28.33363427000006], [83.26667407800005, 28.331411208000077], [83.26369801600003, 28.331494458000066], [83.26074464100003, 28.33027370700006], [83.25614651600006, 28.32943652000006], [83.25489532800003, 28.32827227000007], [83.25168351600007, 28.327426708000075], [83.24976389100004, 28.32783352000007], [83.24582470400009, 28.329943895000042], [83.24222445400005, 28.330492520000064], [83.24013495300005, 28.329122708000057], [83.23750764100004, 28.32476945800005], [83.23690632800003, 28.321729333000064], [83.23542939100008, 28.321682707000036], [83.23124139100008, 28.32041152000005], [83.22895970400003, 28.319040520000044], [83.22664732800007, 28.319063457000027], [83.22447307900006, 28.31761620800006], [83.22191745400005, 28.318876395000075], [83.21862970300003, 28.32397227000007], [83.21619507900004, 28.326304707000077], [83.21449932800004, 28.326922145000026], [83.21208820400005, 28.325701208000055], [83.20997114100004, 28.325325770000063], [83.20843782800006, 28.324109832000033], [83.20542051600006, 28.323289145000047], [83.20323164100006, 28.320411083000067], [83.20401995300006, 28.31795420800006], [83.20225201600005, 28.316260833000058], [83.19857289100008, 28.315034395000055], [83.19733357900003, 28.311245833000044], [83.19769007900004, 28.309262583000077], [83.19704264100005, 28.306738645000053], [83.19512407800005, 28.305159333000063], [83.19014976600005, 28.30220595800006], [83.18826151600007, 28.302481270000044], [83.18505070300006, 28.30181239500007], [83.18119307800004, 28.301728395000055], [83.17733845300006, 28.301170520000028], [83.17466976600008, 28.299642833000064], [83.17282989100005, 28.29609858300006], [83.17239720300006, 28.293632270000046], [83.17032107900008, 28.29320002000003], [83.16621239100004, 28.290212645000054], [83.16488120300005, 28.29066252100006], [83.15827432900005, 28.29701364500005], [83.15475976600004, 28.299949707000053], [83.15203376500006, 28.298689645000024], [83.15022982900007, 28.297189395000032], [83.14846014100004, 28.296585020000066], [83.14612476500008, 28.29475420800003], [83.14099232800004, 28.294622770000046], [83.13922782900005, 28.29350389500007], [83.13723907800005, 28.29345077100004], [83.13434551500006, 28.29184639500005], [83.12768495400007, 28.28618627000003], [83.12601795400008, 28.285334083000066], [83.12298739100004, 28.28479120800006], [83.11839870300008, 28.28260933300004], [83.11519276600006, 28.279671458000053], [83.11209857900008, 28.278834645000074], [83.10917945300008, 28.276602395000054], [83.10511432800007, 28.27531689500006], [83.09980382900005, 28.271938457000033], [83.09919045300006, 28.272669895000035], [83.09743207800005, 28.268804833000047], [83.09751357800008, 28.26469695800006], [83.09686257800007, 28.26040602000006], [83.09553476600007, 28.256846083000028], [83.09777095300007, 28.25583883300004], [83.09957214100007, 28.25603570800007], [83.10303407900005, 28.255496707000077], [83.10519426600007, 28.253516458000036], [83.10770382800007, 28.25209339500003], [83.11349795400008, 28.251833333000036], [83.11566051600005, 28.253081458000054], [83.11846639100008, 28.25395464500008], [83.12061514100003, 28.256389332000026], [83.12489370400004, 28.25671008300003], [83.12635332900004, 28.257628645000068], [83.12797170300007, 28.256533457000046], [83.12840489100006, 28.253404707000072], [83.12973651500005, 28.250624582000057], [83.13278851500007, 28.249980707000077], [83.13706864100004, 28.25134570800003], [83.14028376600004, 28.254384645000073], [83.14197814100004, 28.25714552000005], [83.14400420300007, 28.258667583000033], [83.14723314100007, 28.262699145000056], [83.14999001600006, 28.264112958000055], [83.15059832800006, 28.265853957000047], [83.15453670300008, 28.267487020000033], [83.15736657900004, 28.27061795800006], [83.15860976600004, 28.27035939500007], [83.16137582800008, 28.267838208000057], [83.16343620300006, 28.267183083000077], [83.16489276600004, 28.26316477000006], [83.16764914100008, 28.26160002000006], [83.16961732800007, 28.257950270000038], [83.17102664000004, 28.258304020000026], [83.17555264100008, 28.261435833000064], [83.17656057900007, 28.263201707000064], [83.17988364100006, 28.264776208000058], [83.18332645300006, 28.26904289500004], [83.18616132900007, 28.270251020000046], [83.18740620400007, 28.270012520000023], [83.18818001600005, 28.267824145000077], [83.19005245400007, 28.266980146000037], [83.19105832900004, 28.26509770800004], [83.19521251600008, 28.26318420700005], [83.19716382900003, 28.26098458200005], [83.20008139100008, 28.258583145000046], [83.20311245300007, 28.25764877000006], [83.20568095400006, 28.255815958000028], [83.20698245300008, 28.254262208000057], [83.20745376600007, 28.252205082000046], [83.21115420300004, 28.25051858200004], [83.21390707800003, 28.24859639500005], [83.21706482800005, 28.248576145000072], [83.21779489000005, 28.247655270000052], [83.21777932900005, 28.243675333000056], [83.22203664100005, 28.240667333000033], [83.22387914100005, 28.23713783200003], [83.22575976600007, 28.235668458000077], [83.22807364100004, 28.234966332000056], [83.22789707800007, 28.232373020000068], [83.23027051600008, 28.230949208000027], [83.23322832800005, 28.228129770000066], [83.23530032800005, 28.225558083000067], [83.23576282800008, 28.221689083000058], [83.23908626600007, 28.22095402000008], [83.24185457900006, 28.219604395000033], [83.24411589000005, 28.219709395000052], [83.24620439100005, 28.217074457000024], [83.24930914100008, 28.21676208200006], [83.25378970400004, 28.214020582000046], [83.25590026600008, 28.21104708300004], [83.25596489100008, 28.20851827000007], [83.25751570300008, 28.205710958000054], [83.26054570400004, 28.20386370800003], [83.26098170300008, 28.200364457000035], [83.26292770400005, 28.19935739500005], [83.26628670300005, 28.19954014500007], [83.26894301600004, 28.19861127000007], [83.27280407800004, 28.19502645800003], [83.27267776600007, 28.191772332000028], [83.27471820300008, 28.189655582000057], [83.27587695300008, 28.187382957000068], [83.27827839100007, 28.188805770000045], [83.28005057900003, 28.190879520000067], [83.28210639100007, 28.189583957000025], [83.28386332800005, 28.190001582000036], [83.28532501600006, 28.192116458000044], [83.28704282900009, 28.193309958000043], [83.28961589100004, 28.19644139500008], [83.28946076600005, 28.201280145000055], [83.29051045300008, 28.20227383300005], [83.29081176600005, 28.204371395000067], [83.29331939100007, 28.20735127000006], [83.29578107900005, 28.20809495800006], [83.29778195400007, 28.20932358300007], [83.30115526600008, 28.210491520000062], [83.30330557800005, 28.212616583000056], [83.30728882800008, 28.21323920800006], [83.31124751600004, 28.211797145000048], [83.31545007800008, 28.212625957000057], [83.31811057800007, 28.213577832000055], [83.31973226600007, 28.213168520000067], [83.32521001600009, 28.21345958300003], [83.32751070300003, 28.21271283300007], [83.32927882800004, 28.213105083000073], [83.33222382900004, 28.215235833000065], [83.33458976600008, 28.21561733300007], [83.33862701600003, 28.222820770000055], [83.33922720300006, 28.224741395000024], [83.33723332800008, 28.22745045700003], [83.33667982900005, 28.22946708300003], [83.33461651600004, 28.23384089500007], [83.33558051700004, 28.236713208000026], [83.33447132800006, 28.23973339500003], [83.33488832800003, 28.242077332000065], [83.33328582800004, 28.244111333000035], [83.33047532800003, 28.243220020000024], [83.32681545400004, 28.244659520000027], [83.32537332900006, 28.247441082000023], [83.32129026600006, 28.25109845700007], [83.32436170400007, 28.25523133200005], [83.32642832800008, 28.256446270000026], [83.32381101600004, 28.262448333000066], [83.32218289100007, 28.26462427000007], [83.31916476600009, 28.26754683300004], [83.31654207900004, 28.26869795700003], [83.31490557900008, 28.27135202000005], [83.31364251600007, 28.272234645000026], [83.31029057800004, 28.270681208000042], [83.30591532800008, 28.26985595700006], [83.30256657800004, 28.270687208000027], [83.29981601600008, 28.270497145000036], [83.29626945300004, 28.27155739600005], [83.29421439100008, 28.274741583000036], [83.29259251600007, 28.276477207000028], [83.29319326600006, 28.277843020000034], [83.29361051600006, 28.282400395000025], [83.29491357800003, 28.28549808300005], [83.29421164100006, 28.286270582000043], [83.29108570300008, 28.28536777000005], [83.29113101600007, 28.287759520000066], [83.28919114100006, 28.29050877000003], [83.28936820300004, 28.292634958000065], [83.28622532800006, 28.296203582000032], [83.28790076600006, 28.297678895000047], [83.29323357800007, 28.297259895000025], [83.29480689100006, 28.296169270000064], [83.29651045300005, 28.297567770000057], [83.29695689100004, 28.299260020000077], [83.29628676600004, 28.303083083000047], [83.29723320400007, 28.30585177000006], [83.29757332900004, 28.308691770000053], [83.30018714100004, 28.30991220800007], [83.30310607800004, 28.312244270000065], [83.30465720300003, 28.312475520000078], [83.31031289100008, 28.315166520000048], [83.31151726600007, 28.315468145000068], [83.31103520400006, 28.319696020000038], [83.31279632900004, 28.324124708000056], [83.31234764100003, 28.325094895000063], [83.31520264100004, 28.328712333000055], [83.31667526600006, 28.329744020000078], [83.31787220400008, 28.331789583000045], [83.31842864100008, 28.336092645000065], [83.31911339100003, 28.337885208000046]]]}}, {"type": "Feature", "properties": {"slug": "parbat-jaljala", "municipality": "Jaljala", "district": "Parbat"}, "geometry": {"type": "Polygon", "coordinates": [[[83.66016064200005, 28.34796033300006], [83.65782395400004, 28.34869002000005], [83.65448676700004, 28.351131833000068], [83.65193526600007, 28.35210008200005], [83.65113701600006, 28.35459339500005], [83.65179657800007, 28.356102270000065], [83.64798964200008, 28.35749583200004], [83.64501664200003, 28.360601708000047], [83.64198007800007, 28.361419582000053], [83.64025714200005, 28.362998895000032], [83.63950864100008, 28.364745520000042], [83.63611164100007, 28.36601802000007], [83.63505651700007, 28.369307020000065], [83.63267745400003, 28.371301895000045], [83.63098107800005, 28.374248458000068], [83.63034839100004, 28.377556583000057], [83.62874039200005, 28.380701895000072], [83.62487657900004, 28.381045520000043], [83.61859389200004, 28.383706207000046], [83.61621207800005, 28.383769520000044], [83.61349751600005, 28.385598395000045], [83.61001801600008, 28.386745896000036], [83.60261939100008, 28.390070458000025], [83.59832476700007, 28.391644021000047], [83.59471970400006, 28.391247520000036], [83.59441432900007, 28.38977783300004], [83.59087145400008, 28.387747958000034], [83.59017026600003, 28.385735520000026], [83.58699189100008, 28.382612395000024], [83.58558276600007, 28.38043989600004], [83.58167082900007, 28.379536708000046], [83.57787451600007, 28.37698908300007], [83.57785126600004, 28.375608208000074], [83.57567214100004, 28.375486332000037], [83.57168176600004, 28.374329958000033], [83.57110145300004, 28.37264502000005], [83.57159051600007, 28.371004020000044], [83.56876145400008, 28.366121708000037], [83.56900526700008, 28.363471395000033], [83.56754845300009, 28.358112832000074], [83.56795432900003, 28.35354527100003], [83.57071389200007, 28.348836208000023], [83.56982882900007, 28.34576045700004], [83.56986732900003, 28.34261545800007], [83.57093089100005, 28.340125645000057], [83.57446545300007, 28.340324020000025], [83.57556007900007, 28.339298583000073], [83.57702364100004, 28.334059645000025], [83.57998789200008, 28.332579708000026], [83.58417670400007, 28.329724895000027], [83.58632282900004, 28.32700139600007], [83.59292307900006, 28.321558896000056], [83.59427595400007, 28.318077020000032], [83.59745164100008, 28.316637895000042], [83.59928301700006, 28.315005271000075], [83.59932907900009, 28.31300189500007], [83.60026220400005, 28.311479458000065], [83.60196439100008, 28.310543583000026], [83.60309857800007, 28.30746483300004], [83.60265826700004, 28.303476833000047], [83.60363670400005, 28.298303833000034], [83.60435114100005, 28.29709427000006], [83.60249489200004, 28.29282233200007], [83.60222589100005, 28.291048145000047], [83.60300007900008, 28.287981958000046], [83.60463195400007, 28.286459207000064], [83.60801807900003, 28.285916145000044], [83.60981095400007, 28.284168271000055], [83.60884951600008, 28.281600083000058], [83.60710932800004, 28.279140332000054], [83.60792132800003, 28.274736208000036], [83.60727032900007, 28.27104083300003], [83.60802276600003, 28.26871002000007], [83.61164489100008, 28.26766445800007], [83.61274951600006, 28.266724520000025], [83.61479170400008, 28.267833582000037], [83.61746164200008, 28.270322957000076], [83.62414564200003, 28.269436770000027], [83.62603682800005, 28.267479020000053], [83.63041907900003, 28.26857389500003], [83.63235976700008, 28.268579145000047], [83.63785532900005, 28.272851395000032], [83.64031795400007, 28.273250458000064], [83.64310076700008, 28.276876770000058], [83.64448657900004, 28.282279583000047], [83.64732582900007, 28.28140477000005], [83.65203289100003, 28.28130852000004], [83.65956939100005, 28.28337620800005], [83.66451539100007, 28.285159583000052], [83.66516682900004, 28.286115582000036], [83.66485120400006, 28.29095220800008], [83.66353307900005, 28.29356395700006], [83.66453832900004, 28.297756270000036], [83.66266645400003, 28.302304770000035], [83.66098495400007, 28.304590645000076], [83.66082351700004, 28.307965645000024], [83.66243907900008, 28.31409764500006], [83.66176876700007, 28.319851646000075], [83.66228432900004, 28.324324770000032], [83.66332639100006, 28.32600820700003], [83.66335951700006, 28.329261832000043], [83.66391945400005, 28.330515395000077], [83.66363795400008, 28.33386070800003], [83.66401570400006, 28.334973958000035], [83.66367489100008, 28.338443208000058], [83.66271207900007, 28.340579770000033], [83.66004182900008, 28.34491408200006], [83.66016064200005, 28.34796033300006]]]}}, {"type": "Feature", "properties": {"slug": "tanahun-myagde", "municipality": "Myagde", "district": "Tanahun"}, "geometry": {"type": "Polygon", "coordinates": [[[84.17609014200008, 28.05324152000003], [84.17241570400006, 28.05242933200003], [84.17146439200008, 28.055803770000068], [84.16912501700006, 28.057641082000032], [84.16838995400008, 28.059119895000038], [84.16556051700007, 28.058913520000033], [84.16422676700006, 28.06020570800007], [84.15829864200003, 28.061882395000055], [84.15611451600006, 28.06161183300003], [84.15208989100006, 28.06331089500003], [84.15083514200006, 28.06188633200003], [84.15093914100004, 28.05735089500007], [84.14916501700003, 28.055051395000078], [84.14741789200008, 28.05108658200004], [84.14716064200007, 28.04871545800006], [84.14420751700004, 28.043747895000024], [84.14415120500007, 28.04229483200004], [84.14517708000005, 28.040393894000033], [84.14441289200005, 28.03902508300007], [84.14223364100008, 28.037249332000044], [84.13666083000004, 28.037579957000048], [84.13450120400006, 28.039240520000078], [84.13035764200004, 28.039388958000075], [84.12568120500003, 28.041451020000068], [84.12375839200007, 28.04050289500003], [84.12327314200007, 28.037867895000034], [84.12199451600003, 28.036400145000073], [84.12202932900004, 28.034574770000063], [84.12102114200007, 28.033528707000073], [84.11975764200008, 28.029017082000053], [84.11839820400007, 28.027319207000062], [84.11806614200003, 28.02451483200008], [84.11650057900005, 28.02349858200006], [84.11690364200007, 28.021467520000044], [84.11600726700004, 28.01905395700004], [84.11273001600006, 28.020218707000026], [84.11065707900008, 28.02334320800003], [84.10706570400004, 28.020769208000047], [84.10535495400006, 28.02064652000007], [84.10387557900003, 28.021841332000065], [84.10226151600006, 28.02112945700003], [84.10173345500004, 28.019633895000027], [84.09998551700005, 28.018100832000073], [84.09954720400003, 28.015294270000027], [84.10049614200005, 28.01382458200004], [84.09996082900005, 28.01271270700005], [84.09745176700005, 28.01179389400005], [84.09575789200005, 28.009689895000065], [84.09335357900005, 28.00999164500007], [84.09063076700005, 28.00905483300005], [84.08828626600007, 28.00627202000004], [84.08729433000008, 28.002217958000074], [84.08839108000006, 28.000001519000023], [84.09151445400005, 27.996104958000046], [84.09093276700008, 27.99325333200005], [84.08906020500007, 27.99167733200005], [84.08661820400005, 27.98772120700005], [84.08393051700006, 27.986222395000027], [84.08496076600005, 27.985134208000034], [84.08362307900006, 27.980622270000026], [84.08672732900004, 27.98067677000006], [84.08896495400006, 27.98019927000007], [84.08947926700006, 27.978183957000056], [84.09295964200004, 27.97866227000003], [84.09453520400007, 27.976111520000075], [84.09448757900003, 27.97433577000004], [84.09886401600005, 27.971965769000064], [84.10194976700006, 27.972877332000053], [84.10343526700007, 27.97250164500008], [84.10574757900008, 27.973533332000045], [84.10887307900003, 27.97156108200005], [84.11489682900003, 27.970267707000062], [84.11760270500008, 27.970937895000077], [84.11875714200005, 27.970020832000046], [84.11846664200004, 27.967557145000058], [84.12293807900005, 27.966749895000078], [84.12737851700007, 27.96502202000005], [84.12962101600004, 27.96606689400005], [84.13012945500003, 27.97043252000003], [84.12979951700004, 27.971883645000048], [84.13120870400007, 27.972579520000068], [84.13358914200006, 27.968556395000064], [84.13661095500004, 27.96832327000004], [84.13911214200004, 27.969142082000076], [84.14278420400007, 27.971191583000063], [84.14489258000003, 27.97319308300007], [84.14581864100006, 27.97577789500008], [84.14916389200005, 27.975359145000027], [84.15340489200008, 27.972157207000066], [84.15249939200004, 27.969649083000036], [84.15109289200007, 27.96845477000005], [84.15187232900007, 27.967181332000052], [84.15354695400003, 27.96659958300006], [84.15593426700008, 27.968544145000067], [84.15820101700007, 27.96922752000006], [84.15930514200005, 27.970839520000027], [84.15764526700008, 27.972432208000043], [84.15841070400006, 27.973374458000023], [84.16046907900005, 27.973119395000026], [84.16391089100006, 27.970924395000054], [84.16549283000006, 27.968050145000063], [84.16529058000003, 27.966100832000052], [84.16542864200005, 27.964534770000057], [84.16797426700003, 27.96170220700003], [84.17255364200008, 27.959034019000057], [84.17553333000006, 27.958689519000075], [84.18050026700007, 27.959251708000068], [84.18776620400007, 27.958585457000027], [84.19147289200004, 27.95852839500003], [84.19681289200008, 27.957755957000074], [84.20084870400007, 27.95672570800008], [84.20547776700005, 27.956502270000044], [84.20961601600004, 27.955780769000057], [84.21019870400005, 27.952553270000067], [84.21288239200004, 27.95123370700003], [84.21450108000005, 27.952047957000048], [84.21617657900003, 27.95407833200005], [84.22036326700004, 27.955073582000068], [84.22572551700006, 27.953422208000063], [84.22958101700004, 27.952944270000046], [84.23446076700003, 27.952854770000044], [84.23633907900006, 27.953494645000035], [84.23961114200006, 27.95377783200007], [84.24047389200007, 27.955804770000043], [84.24153201700005, 27.965090145000033], [84.24303389200008, 27.968869145000042], [84.24475951700003, 27.970813332000034], [84.24507120500004, 27.972814207000056], [84.24363201700004, 27.973782457000027], [84.24495326700008, 27.975156582000068], [84.24769195500005, 27.975754020000068], [84.24842470500005, 27.979392208000036], [84.24796370500007, 27.981753207000054], [84.24846595500009, 27.98438095800003], [84.24555076600006, 27.984794583000053], [84.24449332900008, 27.98648651900004], [84.24226507900005, 27.986652895000077], [84.23700695400004, 27.993268644000068], [84.23470714100006, 27.994919770000024], [84.23160539200006, 27.99847427000003], [84.22884526700005, 28.001060145000054], [84.22719758000005, 28.00335533200007], [84.22475089100004, 28.004855333000023], [84.22208276700007, 28.00784258300007], [84.21816220500006, 28.009674208000035], [84.21949470400006, 28.01246770800003], [84.21958814200008, 28.015441457000065], [84.22116920500008, 28.017392895000057], [84.21896814100006, 28.017658207000068], [84.21851332900007, 28.021436020000067], [84.22056195500005, 28.023061832000053], [84.22044632900008, 28.02434139500008], [84.21780157900008, 28.025218832000064], [84.21712982900004, 28.02653758200006], [84.21427670500003, 28.02798839500008], [84.21329007900005, 28.02992133300006], [84.21009064200007, 28.033148332000053], [84.20758064200004, 28.03261514500008], [84.20172551700006, 28.034415395000053], [84.20179120400007, 28.036741520000078], [84.19969445400005, 28.039350769000066], [84.19379308000003, 28.040789708000034], [84.19215445400005, 28.03979245800008], [84.18480570400004, 28.04429945700008], [84.18050601700008, 28.045097145000057], [84.18176145400008, 28.04829945700004], [84.18069889200007, 28.049169582000047], [84.18065457900008, 28.051042394000035], [84.17609014200008, 28.05324152000003]]]}}, {"type": "Feature", "properties": {"slug": "gorkha-siranchowk", "municipality": "Siranchowk", "district": "Gorkha"}, "geometry": {"type": "Polygon", "coordinates": [[[84.66861501800008, 28.10865208200005], [84.66716945500008, 28.11160577000004], [84.66402595500006, 28.113250020000066], [84.66177451800007, 28.115235145000042], [84.65832101700005, 28.115630770000053], [84.65686633000007, 28.11652220700006], [84.65468926700004, 28.116329583000038], [84.64991614200005, 28.117351770000027], [84.64740164200003, 28.119561270000077], [84.64758026700008, 28.12356077000004], [84.64846476800005, 28.127484708000054], [84.64769945500007, 28.129518895000047], [84.64616751800008, 28.131371770000044], [84.64636470500005, 28.135808832000066], [84.64582008000008, 28.139852332000032], [84.64426914200004, 28.141531520000058], [84.64337345500007, 28.143717520000052], [84.64402058000007, 28.145943645000045], [84.64355245500008, 28.149605457000064], [84.64248195500005, 28.149702958000034], [84.64149289300008, 28.14745364500004], [84.63968514200008, 28.145575895000036], [84.63503320500007, 28.14753339500004], [84.63271651700006, 28.147941208000077], [84.62786783000007, 28.150145270000053], [84.62498164200008, 28.149598833000027], [84.62143751800005, 28.150722832000042], [84.61541158000006, 28.15491508300005], [84.61239151700005, 28.15589877000008], [84.60998545500007, 28.158553832000052], [84.60852451800008, 28.156489083000054], [84.60687289200007, 28.155472082000074], [84.60412320400008, 28.15476227000005], [84.60332151700004, 28.151846207000062], [84.60134370500003, 28.151092333000065], [84.59881333000004, 28.15122520700004], [84.59721639200006, 28.148450208000042], [84.59101676800003, 28.14782277000006], [84.59021583000003, 28.146014457000035], [84.58866489200005, 28.14648820800005], [84.58761308000004, 28.145459333000076], [84.58944926800007, 28.143520083000055], [84.58498864200004, 28.14043458200007], [84.58250882900006, 28.140111270000034], [84.57827958000007, 28.137981208000042], [84.57895920400006, 28.136101145000055], [84.57709839200004, 28.13464014500005], [84.57807795500008, 28.132783645000075], [84.57682320500004, 28.132209083000077], [84.57632264200004, 28.130349770000066], [84.57267620400006, 28.130272520000062], [84.57292401700005, 28.128538707000075], [84.56979745500007, 28.128222270000037], [84.56698420400005, 28.12722089500005], [84.56516970500007, 28.127860145000056], [84.56286289200006, 28.127328145000035], [84.56119333000004, 28.126001520000045], [84.56085776700007, 28.124739395000063], [84.55836564200007, 28.124402082000074], [84.55782808000004, 28.120852958000057], [84.55467001700003, 28.120425770000054], [84.55655770500005, 28.11904858200006], [84.55615626700006, 28.116096707000054], [84.55444733000007, 28.114607770000077], [84.55238039200003, 28.114509957000053], [84.55151876800005, 28.111871395000037], [84.55312326800004, 28.110624020000046], [84.55324182900006, 28.109305895000034], [84.55167008000006, 28.107495895000056], [84.54893376700005, 28.106599895000045], [84.54815358000008, 28.104175207000026], [84.54432351700007, 28.10044508200008], [84.54129501800008, 28.099198020000074], [84.53896733000005, 28.100206770000057], [84.53189714300004, 28.09900239500007], [84.52801482900009, 28.09588795800005], [84.52178939200007, 28.09435039500005], [84.52075382900006, 28.09356239500005], [84.51943908000004, 28.090131083000074], [84.51534783000005, 28.08759914500007], [84.51348726700007, 28.087982957000065], [84.51444651700007, 28.084003770000038], [84.51795308100003, 28.08321214500006], [84.52157151900008, 28.08309239500005], [84.52309720500006, 28.08239608300005], [84.52377995500007, 28.080229770000074], [84.52699157900008, 28.08082895800004], [84.52952314200007, 28.08034314500003], [84.53311395600008, 28.080451082000025], [84.53394857900008, 28.07983633200007], [84.53876289200008, 28.079262520000043], [84.54150164200007, 28.07826570700007], [84.54331551700005, 28.076487395000072], [84.54600708000004, 28.078128270000036], [84.55014033000003, 28.078100520000078], [84.55660851700009, 28.076131770000075], [84.55862364200004, 28.07483527000005], [84.56060445500003, 28.07013633300005], [84.56137539200006, 28.06636745700007], [84.56276589300006, 28.06509608300007], [84.56301658000007, 28.063037270000052], [84.56407995500007, 28.062696707000043], [84.56474420400008, 28.060455645000047], [84.56600183000006, 28.059333708000054], [84.56501795500003, 28.055050832000063], [84.56463095500004, 28.04936658200006], [84.56732520500003, 28.04686220800005], [84.56935876800009, 28.045698645000073], [84.57089970500004, 28.04119995800005], [84.57122733000006, 28.038583458000062], [84.57239564300005, 28.037574645000063], [84.57375489200007, 28.035055458000045], [84.57709145500007, 28.03258439500007], [84.57814651800004, 28.03004839500005], [84.58212733000005, 28.029201270000044], [84.58417695500003, 28.029801770000063], [84.58532451700006, 28.02782039500005], [84.58683282900006, 28.026841457000046], [84.58783695500006, 28.024569582000026], [84.58716107900005, 28.02161452000007], [84.58665983000003, 28.016864895000026], [84.58350257900008, 28.013432957000077], [84.58163964300007, 28.012265332000027], [84.58378689300008, 28.01240964400006], [84.58875864300006, 28.01381445800007], [84.59136307900008, 28.01618364500007], [84.59203951700005, 28.018299395000042], [84.59237220500006, 28.025432395000053], [84.59269258000006, 28.026356082000063], [84.59534526700008, 28.028535457000032], [84.59899870500004, 28.030256895000036], [84.60095432900005, 28.03280245800005], [84.60379795500006, 28.03507789500003], [84.60577858000005, 28.035809207000057], [84.60920433000007, 28.03552108300005], [84.61307539300003, 28.036309333000077], [84.61550070400006, 28.037298020000037], [84.61728851700008, 28.038864895000074], [84.62084364300006, 28.039399395000032], [84.62181420500008, 28.040128270000025], [84.62616851700005, 28.04021458300008], [84.62840039200006, 28.040811270000063], [84.63338451700008, 28.043462083000065], [84.63451570500007, 28.044458645000077], [84.64620808000006, 28.049237082000047], [84.64891451700004, 28.04877083200006], [84.65019283000004, 28.049881645000028], [84.65178345400005, 28.052263458000027], [84.65377595400008, 28.05811127000004], [84.65581614200005, 28.05847383300005], [84.65681958000005, 28.06015439500004], [84.65376033000007, 28.060367583000072], [84.65321701700003, 28.061581833000048], [84.65622826700007, 28.064866082000037], [84.65894145500005, 28.06732370700007], [84.65791733000003, 28.068950895000057], [84.65976764200008, 28.07005433300003], [84.66102708000005, 28.072582020000027], [84.65929414200008, 28.074368332000063], [84.66147951800008, 28.07574539500007], [84.66034389200007, 28.07838389500006], [84.66206770500008, 28.079465395000057], [84.66152433000008, 28.081500895000033], [84.66311914200008, 28.082582958000046], [84.66225008000004, 28.083999582000047], [84.66183345500008, 28.086898645000076], [84.66226395500007, 28.09019520700008], [84.66154320500004, 28.093393520000063], [84.66415889200005, 28.09919745700006], [84.66540482900007, 28.100712145000045], [84.66476001800004, 28.103434083000025], [84.66549070500008, 28.105034707000073], [84.66861501800008, 28.10865208200005]]]}}, {"type": "Feature", "properties": {"slug": "nawalpur-hupsekot", "municipality": "Hupsekot", "district": "Nawalpur"}, "geometry": {"type": "Polygon", "coordinates": [[[84.12316345400006, 27.77234914400003], [84.11874701700003, 27.77332327000005], [84.11378476700008, 27.773880270000063], [84.10889039200003, 27.773308832000055], [84.10373357900005, 27.774553832000038], [84.10015295500006, 27.77283708300007], [84.09865639100008, 27.77063133200005], [84.09425945400005, 27.769276020000063], [84.09123414100003, 27.768804207000073], [84.08806451700008, 27.76622939500004], [84.08611739100007, 27.764039645000025], [84.08444382900007, 27.763708958000052], [84.08032183000006, 27.763961895000023], [84.07785001700006, 27.765195332000076], [84.07301745400008, 27.766136644000028], [84.07092651700003, 27.769095957000047], [84.06826182900005, 27.770042707000073], [84.06613764200006, 27.769745895000028], [84.06446089100007, 27.770545457000026], [84.06075095500006, 27.769267769000066], [84.05763251700006, 27.77122758200005], [84.05543632900003, 27.773304519000078], [84.05414001600008, 27.77599920700004], [84.05063614200003, 27.77744014500007], [84.04966433000004, 27.77929301900008], [84.04766539200006, 27.780051895000042], [84.04444857900006, 27.778985645000034], [84.04206501600004, 27.779207520000057], [84.03892639200006, 27.780476582000063], [84.03729557900004, 27.780278457000065], [84.03688151700004, 27.775625770000033], [84.03446070400008, 27.774064957000064], [84.03046957900006, 27.773589770000058], [84.02846889200003, 27.774844832000042], [84.02671239200004, 27.773671832000048], [84.02588257900004, 27.771503520000067], [84.02317289200005, 27.768760144000055], [84.02163195400004, 27.768315895000057], [84.01943626600007, 27.766012395000075], [84.01488326700007, 27.767795582000076], [84.01231001700006, 27.768035019000024], [84.01096351600006, 27.76730402000004], [84.00807495400005, 27.770429395000065], [84.00478007900006, 27.769310332000032], [84.00387195400003, 27.77081770700005], [84.00014745400006, 27.77266127000007], [83.99624133000003, 27.76627770700003], [83.99587026700004, 27.762042394000048], [83.99482583000008, 27.76037483300007], [83.99548070500003, 27.759203769000067], [83.99440470400003, 27.75564077000007], [83.99442601800007, 27.753402395000023], [83.99641407900003, 27.75130395700006], [83.99557645500005, 27.75063602000006], [83.98977582900005, 27.748266458000046], [83.98798839200003, 27.74786464500005], [83.98343508000005, 27.74904433200004], [83.98104333000003, 27.748798083000054], [83.97883601800004, 27.747353583000063], [83.97421751800005, 27.747822146000033], [83.97313814200004, 27.74959552000007], [83.97018439200008, 27.748784896000075], [83.96963032900004, 27.74720295700007], [83.96681158000007, 27.746908957000073], [83.96569051700004, 27.74789927000006], [83.96257864200004, 27.748115020000057], [83.96187345600003, 27.746587270000077], [83.95903064200007, 27.747116770000048], [83.95405964300005, 27.746449520000056], [83.94948939300008, 27.745254269000043], [83.94857489300006, 27.743570645000034], [83.94704120500006, 27.744014582000034], [83.94325770400008, 27.741555833000064], [83.93901776700005, 27.739335895000067], [83.93628770500004, 27.737457333000066], [83.93346795500008, 27.73629614500004], [83.93243626800006, 27.73491014500007], [83.93031795400003, 27.733977270000025], [83.92705326700008, 27.730464520000055], [83.92632770400007, 27.72666883200003], [83.93043095400003, 27.724813832000052], [83.93141901700005, 27.726256207000063], [83.93328214100006, 27.726302270000076], [83.93394883000008, 27.72319545700003], [83.93702151700006, 27.722158894000074], [83.94079864200006, 27.72198458200006], [83.94188876700008, 27.721321645000046], [83.94239345400007, 27.719397082000057], [83.94430476600007, 27.71925120700007], [83.94566445400005, 27.718155082000067], [83.94561026700006, 27.71627545700005], [83.94789157900004, 27.715181957000027], [83.95483151600007, 27.716059895000058], [83.95828282900004, 27.715264458000036], [83.95961076700007, 27.713762020000047], [83.96239626600004, 27.71601252000005], [83.96404370400006, 27.71826939500005], [83.96801489200004, 27.719409894000023], [83.97259920400006, 27.717867457000068], [83.97651233000005, 27.715085957000042], [83.97913182900004, 27.714093520000063], [83.98254270400008, 27.714610769000046], [83.98643057900006, 27.713435582000045], [83.98931570400003, 27.71064908200003], [83.98914482900005, 27.70840839500005], [83.98806551700005, 27.70647001900005], [83.98580264200007, 27.704010269000037], [83.98758807900003, 27.70223233200005], [83.98958051700004, 27.70218058200004], [83.99273226700006, 27.701275957000064], [83.99525864200007, 27.702767582000035], [83.99750307900007, 27.701402520000045], [84.00055301700007, 27.70166651900007], [84.00114339200007, 27.699392019000072], [84.00219739200008, 27.69855483200007], [84.00776164200005, 27.699434644000064], [84.01022995500006, 27.698486769000056], [84.01262983000004, 27.69832189500005], [84.01535907900006, 27.696590895000043], [84.01635545400006, 27.694528395000077], [84.01659645400008, 27.689710769000044], [84.01782632900006, 27.688146894000056], [84.01838582900007, 27.683787332000065], [84.01722270400006, 27.68015008200007], [84.01716007900006, 27.676873645000057], [84.01411301700006, 27.673703644000057], [84.01469457900004, 27.670659707000027], [84.01424526700004, 27.66808958200005], [84.01845314100007, 27.66934589400006], [84.02285539100006, 27.66816739400008], [84.02968664100007, 27.661495957000056], [84.03338101700007, 27.65899270700004], [84.03741883000004, 27.65528426900005], [84.04403201700006, 27.65309576900006], [84.04648070400003, 27.650206707000052], [84.04903576700008, 27.648199832000046], [84.05122664200007, 27.643988394000075], [84.05339589200008, 27.64098420700003], [84.05519945400005, 27.639205394000044], [84.05612333000005, 27.63543445700003], [84.05578070400009, 27.633056269000065], [84.05357426700004, 27.631348957000057], [84.05339114200007, 27.627842457000042], [84.05245595500008, 27.625333582000053], [84.05845089200005, 27.62582089400007], [84.06701089200004, 27.62595239500007], [84.06916189200007, 27.625477457000045], [84.08265239100007, 27.621724395000058], [84.08384789100006, 27.62465252000004], [84.08358101700009, 27.62936195700007], [84.08407245500007, 27.630916395000042], [84.08264695400004, 27.63424333200004], [84.08208295500003, 27.636827332000053], [84.08405276600007, 27.641199207000057], [84.08576832900008, 27.643786332000047], [84.08703557900003, 27.64449858200004], [84.09245258000004, 27.645603020000067], [84.09614845400006, 27.64710558200005], [84.10023264200004, 27.648072957000068], [84.09929976700005, 27.652627207000023], [84.09839564200007, 27.65321902000005], [84.09708220400006, 27.657852457000047], [84.09828464200007, 27.659884770000076], [84.09712570400006, 27.662622644000066], [84.10013226700005, 27.667936832000066], [84.10008970400008, 27.669545707000054], [84.10155026700005, 27.671981582000058], [84.09787901700008, 27.676402394000036], [84.09416414100008, 27.67909695700007], [84.09280139200007, 27.68168151900005], [84.09405351600003, 27.68417183200006], [84.09744101700005, 27.68808445700006], [84.09708832900003, 27.69016739400007], [84.09890564100004, 27.69091751900004], [84.10051470400003, 27.685988269000063], [84.10365551700005, 27.683318770000028], [84.10746814100008, 27.683500894000076], [84.10845989200004, 27.68216433200007], [84.11448264200004, 27.68155026900007], [84.11576626700008, 27.68193727000005], [84.11768557900007, 27.683815270000025], [84.12035395400005, 27.68125870700004], [84.12496101700003, 27.68102220700007], [84.12719226700005, 27.68317733200007], [84.12986870400005, 27.688472957000045], [84.13040464200003, 27.692306269000028], [84.12971845400006, 27.69619927000008], [84.12947070400008, 27.705915832000073], [84.12860557900007, 27.708947082000066], [84.12659058000008, 27.71092783200004], [84.12662620400005, 27.713529520000066], [84.12487726700004, 27.717141395000056], [84.12464795500006, 27.72227276900003], [84.12307220400004, 27.725329457000043], [84.12317126700003, 27.728258207000067], [84.12810639200006, 27.729851332000067], [84.13173495400008, 27.729534270000045], [84.13541370500008, 27.73008126900004], [84.14149520500007, 27.735707269000045], [84.14391914200007, 27.736925520000057], [84.14614251700004, 27.73731808200006], [84.15051733000007, 27.739881207000053], [84.15212307900003, 27.742618769000046], [84.15436432900003, 27.74454108200007], [84.15771839200005, 27.746613207000053], [84.15876526700004, 27.74813739500007], [84.16011064200006, 27.74978076900004], [84.16052857900007, 27.75175689400004], [84.15969657900007, 27.752818395000077], [84.15815745500004, 27.753813020000052], [84.15477726700004, 27.758550832000026], [84.15028276700008, 27.759295894000047], [84.14410526700004, 27.763253519000045], [84.14193420400005, 27.763551395000036], [84.13843926700008, 27.766088894000063], [84.13798582900006, 27.767574082000067], [84.13446995400005, 27.768771207000043], [84.13245583000008, 27.769932957000037], [84.12865120400005, 27.77043745700007], [84.12316345400006, 27.77234914400003]]]}}, {"type": "Feature", "properties": {"slug": "palpa-tansen", "municipality": "Tansen", "district": "Palpa"}, "geometry": {"type": "Polygon", "coordinates": [[[83.52970364100008, 27.928090207000025], [83.52739032900007, 27.92476995800007], [83.52610214300006, 27.923946457000056], [83.52391689300003, 27.925721457000066], [83.52506664100008, 27.929089644000044], [83.52416933000006, 27.930869020000046], [83.52132482900004, 27.933323146000077], [83.51814314100005, 27.93744339500006], [83.51622582900006, 27.93873183200003], [83.51107639100007, 27.940557021000075], [83.50808620400005, 27.94013577000004], [83.50538233000003, 27.937871957000027], [83.50569670400006, 27.935289583000042], [83.50900426700008, 27.933259458000066], [83.51144995400006, 27.933340332000057], [83.51075170500008, 27.930914520000044], [83.50794351700006, 27.928372958000068], [83.50330545300005, 27.926914458000056], [83.50000020400006, 27.926789708000058], [83.49769183000006, 27.927293520000035], [83.49466945500006, 27.92896339600003], [83.49159220500007, 27.928489520000028], [83.48822970400005, 27.923542458000043], [83.48588814200008, 27.922525146000055], [83.48315476800008, 27.92369276900007], [83.47982814100004, 27.92456020800006], [83.47560195400007, 27.926374082000052], [83.47266314200004, 27.927048770000056], [83.46953608000007, 27.92848758200006], [83.46717595400008, 27.93107777000006], [83.46250926600004, 27.934223020000047], [83.45497614200008, 27.932661333000055], [83.45234289200005, 27.929367957000068], [83.45011051700004, 27.928474583000025], [83.44479739200005, 27.93194608300007], [83.44229820500004, 27.932545145000063], [83.44271232800008, 27.935265707000042], [83.44021445400006, 27.935596271000065], [83.43881951700007, 27.93499270700005], [83.43571764200004, 27.935548582000024], [83.43526701600007, 27.93897414500003], [83.43433801600008, 27.939581771000064], [83.42945320500007, 27.939685707000024], [83.42684470500006, 27.936931208000033], [83.42687845500006, 27.934864520000076], [83.42436876700003, 27.933642457000076], [83.42136676700005, 27.930651520000026], [83.42311257900008, 27.927870020000057], [83.42269470500008, 27.925837583000032], [83.42556558000007, 27.924303957000063], [83.42706095400007, 27.926036332000024], [83.42850026800005, 27.926428145000045], [83.42911120300005, 27.928558332000023], [83.43046307900005, 27.929159646000073], [83.43374057900007, 27.927954708000073], [83.43611539100004, 27.92659039600005], [83.43770389100007, 27.927192521000052], [83.44251870300008, 27.92794989600003], [83.44487189100005, 27.926623707000033], [83.44939357900006, 27.925998770000035], [83.45243726600006, 27.924255457000072], [83.45519207900008, 27.924061083000026], [83.45580276700008, 27.922646520000058], [83.45351870400003, 27.919550832000027], [83.45093532900006, 27.91984064500008], [83.44516307900005, 27.917297208000036], [83.44568595500004, 27.916191395000055], [83.44453270500009, 27.914767521000044], [83.45145907800008, 27.911131020000028], [83.45558945400006, 27.911156396000024], [83.46173814100007, 27.911785271000042], [83.46625026700008, 27.912712144000068], [83.46999576700006, 27.912311395000074], [83.46938895300008, 27.909263020000026], [83.47024351800007, 27.906491020000033], [83.47161114100004, 27.90461220900005], [83.47395126600009, 27.904460957000026], [83.47793951700004, 27.901236020000056], [83.48064539200004, 27.896934395000073], [83.48300770400004, 27.896119707000025], [83.48624101600006, 27.89601895800007], [83.48879014200008, 27.89652483200007], [83.49149382900004, 27.89439589500006], [83.49336564200007, 27.88906645800006], [83.49216320400006, 27.886604832000046], [83.49018932900003, 27.885453582000025], [83.48883270500005, 27.88570352000005], [83.48876983000008, 27.88334539500005], [83.49192495300008, 27.87997933200006], [83.49157139100004, 27.877191395000068], [83.49356564100003, 27.871056958000054], [83.49381820400004, 27.869223457000032], [83.49306345400004, 27.867316394000056], [83.49342789200006, 27.86525533300005], [83.49528101700008, 27.862798207000026], [83.49438176600006, 27.86167120700003], [83.49445089200003, 27.859356457000047], [83.49334507900005, 27.857824833000052], [83.49212701600004, 27.85440876900003], [83.49073201600004, 27.853783083000053], [83.49123276700004, 27.85146764500007], [83.49409845400004, 27.850431207000042], [83.49497545400004, 27.848473770000055], [83.49359570400009, 27.84567527100006], [83.49161582900007, 27.84460520700003], [83.49081470400006, 27.84315595700008], [83.49116714200005, 27.84140177000006], [83.48880514100006, 27.83740152000007], [83.48725639200006, 27.833485521000057], [83.48892908000005, 27.831806207000056], [83.48765257800005, 27.828642582000043], [83.49066426800005, 27.827184833000047], [83.49239501700004, 27.826913645000047], [83.49553676600004, 27.82851814600008], [83.49946920500008, 27.829254520000063], [83.50179282900007, 27.828928958000063], [83.50110014100005, 27.82713714500005], [83.49700601700005, 27.823852833000046], [83.49539326700005, 27.821949395000047], [83.49510970400007, 27.820086770000046], [83.49703320400005, 27.818358645000046], [83.50130701700004, 27.81810564500006], [83.50466908000004, 27.81630589400004], [83.50697326600005, 27.815865083000062], [83.50745470400005, 27.81434377100004], [83.51082151700007, 27.81229339500004], [83.51322101600005, 27.81243051900003], [83.51621620400005, 27.811737020000066], [83.51722682900004, 27.808371769000075], [83.51643633000003, 27.80608333200007], [83.51640401600008, 27.80126583300006], [83.51728126700004, 27.79814827000007], [83.52006339100006, 27.79840845700005], [83.52153045400007, 27.796867896000037], [83.52428170500008, 27.797585896000044], [83.52758251600005, 27.79548527000003], [83.52945676700006, 27.79718170700005], [83.53025045400005, 27.79501827000007], [83.53173445500005, 27.795846895000068], [83.53402920400003, 27.794742271000075], [83.53537307900007, 27.796161520000055], [83.53762326700007, 27.796200645000056], [83.53905226600006, 27.795501396000077], [83.54035008000005, 27.797092020000036], [83.54242326700006, 27.796324957000024], [83.54672845500005, 27.796537707000027], [83.54843639200004, 27.793643832000043], [83.55048120500004, 27.79541958300007], [83.54839014100008, 27.797082395000075], [83.54983620400003, 27.798770395000076], [83.55258776700003, 27.79840027000006], [83.55554126600003, 27.79975233300007], [83.55837670400007, 27.797299645000066], [83.55995376600004, 27.798875208000027], [83.56279082900005, 27.79852545800003], [83.56408307900006, 27.799312520000058], [83.56250376600008, 27.801137458000028], [83.56557570400008, 27.804116583000052], [83.56982664200007, 27.806027458000074], [83.57283632800005, 27.80562164500003], [83.57543733000006, 27.804176521000045], [83.57591139200008, 27.80626970800006], [83.57729739200005, 27.80665527000008], [83.57926607800005, 27.80464633300005], [83.58131164100007, 27.809727146000057], [83.58513939100004, 27.81468920700007], [83.58158914200004, 27.817530583000064], [83.57971314100007, 27.81805289600004], [83.57930314100008, 27.820396020000032], [83.57799495500007, 27.82149995700007], [83.57652776600008, 27.82636695800005], [83.57488570500004, 27.829204958000048], [83.57215420500006, 27.831795895000027], [83.57115889100004, 27.83445308200004], [83.56864995400008, 27.83551708300007], [83.57176589200003, 27.837367959000062], [83.57440064200006, 27.83748895800005], [83.57680170400005, 27.84073870800006], [83.57776126700008, 27.84425033200006], [83.57300389300008, 27.847358519000068], [83.57223626700005, 27.849294395000072], [83.56974508000008, 27.849480708000044], [83.56712164300006, 27.85092558300005], [83.56752420500004, 27.852251395000053], [83.56679426700003, 27.855523082000047], [83.56540076700009, 27.85870920700006], [83.56760489100003, 27.862148082000033], [83.56856582900008, 27.865531145000034], [83.56972289200007, 27.867709896000065], [83.57122401800007, 27.868806646000053], [83.57103345500008, 27.870791646000043], [83.57494351600008, 27.871579895000025], [83.57392089100006, 27.87334352000005], [83.57498195400007, 27.87603864500005], [83.57134820500005, 27.878545521000035], [83.56956770400006, 27.880640645000028], [83.56724339200008, 27.88203683200004], [83.56620045400007, 27.883743896000055], [83.56124039200006, 27.88496470800004], [83.55934264200005, 27.886483958000042], [83.55730433000008, 27.88647064500003], [83.55531107900003, 27.88741639400007], [83.55301045400006, 27.88659439500003], [83.55016858000005, 27.88915064500003], [83.54564658000004, 27.88783614400006], [83.54479626700004, 27.88849220800006], [83.54581014200005, 27.890325457000074], [83.54140182800006, 27.893907520000027], [83.54056789200007, 27.896898958000065], [83.54003164100004, 27.901060209000036], [83.54218789300006, 27.90264458300004], [83.54351357900003, 27.904959396000038], [83.54232564200004, 27.90831289600004], [83.54343801600004, 27.91145070700003], [83.54263758000008, 27.913711146000026], [83.54046732800003, 27.91581133300008], [83.54058839100009, 27.91715202000006], [83.53887139100004, 27.919125145000066], [83.53702820400008, 27.91998989500007], [83.53734145500005, 27.921371833000023], [83.53518026700004, 27.92402702000004], [83.53088545400004, 27.926065769000047], [83.52970364100008, 27.928090207000025]]]}}, {"type": "Feature", "properties": {"slug": "solukhumbu-khumbu-pasang-lhamu", "municipality": "Khumbu Pasang Lhamu", "district": "Solukhumbu"}, "geometry": {"type": "Polygon", "coordinates": [[[86.98576339500005, 27.949244957000076], [86.98484545800005, 27.94931027000007], [86.97877651900006, 27.952202145000058], [86.97559551900008, 27.95411052000003], [86.97203451900003, 27.954937895000057], [86.97006964400003, 27.954533645000026], [86.96712726900006, 27.95556414500004], [86.95585851900006, 27.95653351900006], [86.95191770700006, 27.956599895000068], [86.94735745700007, 27.957918207000034], [86.94374158200003, 27.959701519000077], [86.93594489400004, 27.96234933200003], [86.93494427000007, 27.965489770000033], [86.93541976900008, 27.96927845700003], [86.93522270700004, 27.972171020000076], [86.93563195700006, 27.977376708000065], [86.93446902000005, 27.979688895000038], [86.93172014500004, 27.982126708000067], [86.92975426900006, 27.98269433200005], [86.92837439500005, 27.984139957000025], [86.92781826900006, 27.987628020000045], [86.92379951900006, 27.988851082000053], [86.92049814500007, 27.988808582000047], [86.91841214500005, 27.99042739500004], [86.91367639400005, 27.991638458000068], [86.91198152000004, 27.992756520000057], [86.90877726900004, 27.993420082000057], [86.90209764500008, 27.994090207000056], [86.89665520700004, 27.995877708000023], [86.89238645700004, 27.996713895000028], [86.89150408200004, 27.999470458000076], [86.88685483200004, 28.001149894000037], [86.88378989500006, 28.00284414500004], [86.88135083200007, 28.00661464500007], [86.87911089500005, 28.00783114500007], [86.87762314400004, 28.009321270000044], [86.87550708200007, 28.01025352000005], [86.87357026900008, 28.01300677000006], [86.87367577000003, 28.016043895000053], [86.87527876900003, 28.019687145000034], [86.87496795700008, 28.021900333000076], [86.86988758200005, 28.025007145000075], [86.86408826900004, 28.026107145000026], [86.86176939500007, 28.02717208200005], [86.85790808200005, 28.027111770000033], [86.85653170700004, 28.027868457000068], [86.85320958100004, 28.026829332000034], [86.85068008100006, 28.024705582000024], [86.85014945700004, 28.023445957000035], [86.84992514400005, 28.019704645000047], [86.84748720700009, 28.018688832000066], [86.84553308200003, 28.01872958200005], [86.84346789400007, 28.017337332000068], [86.84122045700008, 28.017377644000078], [86.83977233200005, 28.015476082000077], [86.83827564400008, 28.01509302000005], [86.83054720700005, 28.015016020000076], [86.82839852000006, 28.017371207000053], [86.82643564400007, 28.017519957000047], [86.82265270600004, 28.019541333000063], [86.81906152000005, 28.019868333000034], [86.81427733200007, 28.018803707000075], [86.80947064500003, 28.020825582000043], [86.80746627000008, 28.02297989500005], [86.80513108200006, 28.02336239500005], [86.80359145700004, 28.022462207000046], [86.79657914400008, 28.020590519000052], [86.79254720700004, 28.018680145000076], [86.78821364400005, 28.023797708000075], [86.78573739500007, 28.02470539500007], [86.78511308200007, 28.025697207000064], [86.78301608100008, 28.026079770000024], [86.78218939400006, 28.02794670800006], [86.78265108200009, 28.031178520000026], [86.77885851900004, 28.034313332000067], [86.77789214400008, 28.03616420700007], [86.77536201900006, 28.037755395000033], [86.77367402000004, 28.036974145000045], [86.76980670700004, 28.036771395000073], [86.76150877000003, 28.03482583300007], [86.75900895600006, 28.03567433300003], [86.75536370700007, 28.037680583000054], [86.75319458100006, 28.040111270000068], [86.75177776900006, 28.04423783200008], [86.74963833200007, 28.045425332000036], [86.74901526900004, 28.048567270000035], [86.74958027000008, 28.051007395000056], [86.75175470700003, 28.051636332000044], [86.75393795600007, 28.05469533200005], [86.75494195600004, 28.059496332000037], [86.75559345700003, 28.06470964500005], [86.75862927000009, 28.069033644000058], [86.76193926900004, 28.070431583000072], [86.76587033200008, 28.072566083000027], [86.76735583100003, 28.074457145000054], [86.76461064400007, 28.07672233200003], [86.76177139500004, 28.07806445700004], [86.75582577000006, 28.079105458000072], [86.75329301900007, 28.081097770000042], [86.75141270700004, 28.084088520000023], [86.74991264400006, 28.085556895000025], [86.75097933100005, 28.094108083000037], [86.74831008200005, 28.098092395000037], [86.74502558200004, 28.09802764500006], [86.74072383200007, 28.103536270000063], [86.73796314500004, 28.102883458000065], [86.73660133200008, 28.10346977000006], [86.73206470700006, 28.10323989500006], [86.72912770700003, 28.103439395000066], [86.72340495700007, 28.106340895000073], [86.72005233100003, 28.106789895000077], [86.71790158100004, 28.107683520000023], [86.71342701900005, 28.105835333000073], [86.71043245700008, 28.105770395000036], [86.70626489400007, 28.107040832000052], [86.69921195700005, 28.107673082000076], [86.69424920700004, 28.108381895000036], [86.69153670600008, 28.108420957000078], [86.68936614500006, 28.107357832000048], [86.68288276900006, 28.103369645000043], [86.68067026900007, 28.102586083000062], [86.67516389400004, 28.102088020000053], [86.67107864400003, 28.100695207000058], [86.66499414400005, 28.096826708000037], [86.66361526900005, 28.09479264500004], [86.66335845700007, 28.091982895000058], [86.66239352000008, 28.090259020000076], [86.66183433200007, 28.086020207000047], [86.66041708100005, 28.083103832000063], [86.66038283100005, 28.080854207000073], [86.65240776900004, 28.074597770000025], [86.64383914400008, 28.073792832000038], [86.64140251900005, 28.073159270000076], [86.63724070700005, 28.070483583000055], [86.62795108100005, 28.074001145000068], [86.62360183100003, 28.074553395000066], [86.61839277000007, 28.073284457000057], [86.61499864500007, 28.07362020800008], [86.61078476900008, 28.075769895000064], [86.60858083200003, 28.079245082000057], [86.60661039400009, 28.08162214500004], [86.60631795700004, 28.084286020000036], [86.60503439400009, 28.08732158300006], [86.60940720700006, 28.090188270000056], [86.61044383200004, 28.09191508200007], [86.60926470600003, 28.095359332000044], [86.60741870600003, 28.09754945800006], [86.60679120700007, 28.09989870700008], [86.60491127000006, 28.101678083000024], [86.59595933200006, 28.103628583000045], [86.59183783200007, 28.10433608200003], [86.59154483100008, 28.10703145800005], [86.59079933100008, 28.107843770000045], [86.58056833100005, 28.111231145000033], [86.57884795600006, 28.11263608300004], [86.57683201900005, 28.112817145000065], [86.57507226900003, 28.110713332000046], [86.57068476900008, 28.11157739500004], [86.56906608200006, 28.109627395000075], [86.56610126900006, 28.10839514500003], [86.56476358100008, 28.106917520000025], [86.56402126900008, 28.102495082000075], [86.56445201900004, 28.100899020000043], [86.56898626900005, 28.094173770000054], [86.56927964400006, 28.091602520000038], [86.56766376900003, 28.089027458000032], [86.56673801900007, 28.08623577000003], [86.56451676900008, 28.084847895000053], [86.56212283100007, 28.082457645000034], [86.56113664400004, 28.077219832000026], [86.56329739400007, 28.07606702000004], [86.56486558100005, 28.072874770000055], [86.56755776900008, 28.071346770000048], [86.56776245700007, 28.068745895000063], [86.56508789500003, 28.065914770000063], [86.56064570700005, 28.063206645000037], [86.55821689500004, 28.056520145000036], [86.55493839400003, 28.054630083000063], [86.55395664400004, 28.052776707000078], [86.55131545700004, 28.05051177000007], [86.54606595700005, 28.05102702000005], [86.53892970600003, 28.050594833000048], [86.53576733200003, 28.04638295700005], [86.53606358200005, 28.04328152000005], [86.53578645600004, 28.03785645800008], [86.53480564400007, 28.035878770000068], [86.53423445600004, 28.033149020000053], [86.53282726900005, 28.031734020000044], [86.53376214400004, 28.027975895000054], [86.53345064500007, 28.02640677000005], [86.53211008200003, 28.026027645000056], [86.53118226900006, 28.02404795700005], [86.52776051900008, 28.02290808200007], [86.52462739500004, 28.020419833000062], [86.52346958200008, 28.018599520000066], [86.52464408200007, 28.01659545700005], [86.52322964400008, 28.012892457000078], [86.52215589400004, 28.008030833000078], [86.52196014400005, 28.00442458200007], [86.51745320700007, 28.001243207000073], [86.51867414400004, 27.99872270800006], [86.51819258100005, 27.989752082000052], [86.51686420700008, 27.98795364500006], [86.51524989400008, 27.984504833000074], [86.51611095700008, 27.981441519000043], [86.51785601900008, 27.97748327000005], [86.52246445700007, 27.97443302000005], [86.52110976900008, 27.97127395700005], [86.51870539500004, 27.96964552000003], [86.51489676900007, 27.96870695700005], [86.51457876900008, 27.966997895000077], [86.51543676900008, 27.964600145000077], [86.51582358100006, 27.960066332000054], [86.51866251900003, 27.957262644000025], [86.51798226900007, 27.956364457000063], [86.52063383100005, 27.952946332000067], [86.52097995700007, 27.950095583000063], [86.52234139400008, 27.943802832000074], [86.52414545600004, 27.940176395000037], [86.52620864500005, 27.939563020000037], [86.53086895700005, 27.941140333000078], [86.53613908200003, 27.941857645000027], [86.53689870600004, 27.94142927000007], [86.54122751900007, 27.935441833000027], [86.54448008200006, 27.933058707000043], [86.54657333100005, 27.93249927000005], [86.55021914400004, 27.930198457000074], [86.55113489400009, 27.92861295700004], [86.55220520700004, 27.918873457000075], [86.55300139400003, 27.916858957000045], [86.55584064400006, 27.91156570800007], [86.55713283100005, 27.90677958300006], [86.55666564400008, 27.902443645000062], [86.55416595700007, 27.898829895000063], [86.55469464400005, 27.89554858300005], [86.55467895600003, 27.891940645000034], [86.55623845700006, 27.888394144000074], [86.55703876900003, 27.88527389400008], [86.55569039400007, 27.88166389500003], [86.55367583200007, 27.877997582000035], [86.55344220600006, 27.875898395000036], [86.55436133100005, 27.87336970800004], [86.55492983200008, 27.867613333000065], [86.55621551900003, 27.86428027000005], [86.55686589400005, 27.86075564500004], [86.55651826900004, 27.85688033300005], [86.55543608200009, 27.85493864500006], [86.55327883200005, 27.849252395000065], [86.55255670700006, 27.848146645000043], [86.55155514400008, 27.841360707000035], [86.54975614400007, 27.83710389400005], [86.54952408200006, 27.834600770000065], [86.54781158100008, 27.83139108200004], [86.54625626900008, 27.826812333000078], [86.54594658100007, 27.821238083000026], [86.54314514400005, 27.81786683200005], [86.54276545700003, 27.814607333000026], [86.54483939400006, 27.81090020700003], [86.54879270600009, 27.81119295700006], [86.55062370700006, 27.810734082000067], [86.55536933100007, 27.808484020000037], [86.56315351900008, 27.805952395000077], [86.56458983200008, 27.80618933200003], [86.56776564400008, 27.804283645000055], [86.56949914400008, 27.803736207000043], [86.56855870600003, 27.802050020000024], [86.56804658200008, 27.799347520000026], [86.57123126900007, 27.79511539500004], [86.57124801900005, 27.790846332000058], [86.57001633200008, 27.788462020000054], [86.56858533200005, 27.787004457000023], [86.56801501900009, 27.782530519000034], [86.56861208100008, 27.78023758200004], [86.56830226900007, 27.77596752000005], [86.56633326900004, 27.770211957000072], [86.56848664400007, 27.762346207000064], [86.57277658100008, 27.75907870700007], [86.57517845700005, 27.75432283200007], [86.57760770600004, 27.753847395000037], [86.58262145700007, 27.75448764500004], [86.58707795600003, 27.75401133200006], [86.59211995700008, 27.756278269000063], [86.60059889400009, 27.756555707000075], [86.60225026900008, 27.755739082000048], [86.60686745700008, 27.751119895000045], [86.60876870600003, 27.750001645000054], [86.61065564400008, 27.74646658200004], [86.61231808100007, 27.73978095700005], [86.61296908200006, 27.735694145000025], [86.61517201900006, 27.73271052000007], [86.62007526900004, 27.729799769000067], [86.62135914500004, 27.728316332000077], [86.62039283200005, 27.723873019000052], [86.62165964400003, 27.721432770000035], [86.62435914400004, 27.720711270000038], [86.62874414500004, 27.717595707000044], [86.62911983200007, 27.71492733200006], [86.63205951900005, 27.708996269000068], [86.63534383200005, 27.70786320700006], [86.64152845700005, 27.70714827000006], [86.64906051900005, 27.704254519000074], [86.65125683200006, 27.703937395000025], [86.65942576900005, 27.705643270000053], [86.66581276900007, 27.707694144000072], [86.66737839500007, 27.708726832000025], [86.67054220600005, 27.705807832000062], [86.67170733100005, 27.702590582000028], [86.67428833100007, 27.698307270000043], [86.67557839400007, 27.69724295700007], [86.67671408200005, 27.694255832000067], [86.67981589400006, 27.68954258200006], [86.68055576900008, 27.685087769000063], [86.68023883200004, 27.682611707000035], [86.68224820700004, 27.67914145700007], [86.68985895700007, 27.67249083200005], [86.69103114400008, 27.669690957000057], [86.69447714500006, 27.666401895000035], [86.69656614400003, 27.665605457000026], [86.69890358200007, 27.66397239500003], [86.70343401900004, 27.662488394000036], [86.70508270700003, 27.66245801900004], [86.70761476900003, 27.66143895700003], [86.70764614500007, 27.66058833200003], [86.70584139400006, 27.655017832000055], [86.70586020700006, 27.651321832000065], [86.70441345700004, 27.64828833200005], [86.70475358100003, 27.645829457000048], [86.70430839400007, 27.64201058200007], [86.70003251900005, 27.63301839500008], [86.70066133200004, 27.63180126900005], [86.70059758200006, 27.62916558200004], [86.69980689400006, 27.628085269000053], [86.69999689400004, 27.624831894000067], [86.69848814400007, 27.617567207000036], [86.69766539400007, 27.61620933200004], [86.70170245700007, 27.615412519000074], [86.70262376900007, 27.61466539500003], [86.70511664400004, 27.61046008200003], [86.70535183200008, 27.608612519000076], [86.70706289500004, 27.60768877000004], [86.70670876900004, 27.605460894000032], [86.70447351900003, 27.60162689400005], [86.70591108100007, 27.598033145000045], [86.70744745700006, 27.597129332000065], [86.71347826900006, 27.59479733200004], [86.72187995700006, 27.592772332000038], [86.72504401900005, 27.59328183200006], [86.72870514400006, 27.60075120700003], [86.73254708100006, 27.60007945700005], [86.73486826900006, 27.59570183200003], [86.73522570600005, 27.593333207000057], [86.73486752000008, 27.590877457000033], [86.73560264500009, 27.58970320700007], [86.73555683200004, 27.58728420700004], [86.73458695600004, 27.586190207000072], [86.73306464400008, 27.58796764500005], [86.73111333200006, 27.587142519000054], [86.72865539400004, 27.584177269000065], [86.72539833100006, 27.58348039400005], [86.72277545600008, 27.58074933200004], [86.72481558200008, 27.578643519000025], [86.73208820700006, 27.577450519000024], [86.73742770600006, 27.575233582000067], [86.73831564400007, 27.574436457000047], [86.74650002000004, 27.571901832000037], [86.74945220700005, 27.573635644000035], [86.75060758200004, 27.573626457000046], [86.75212876900008, 27.577029707000065], [86.75497695700005, 27.57699189400006], [86.75615045700005, 27.578392957000062], [86.75548976900006, 27.581415519000075], [86.75724689400005, 27.586757394000074], [86.75864545600007, 27.589438332000043], [86.75996777000006, 27.59746464500006], [86.75970664400006, 27.601358895000033], [86.75668945700005, 27.606137395000076], [86.75702014500007, 27.607927395000047], [86.75868945700006, 27.60982120700004], [86.76162239400009, 27.612238457000046], [86.76280995700006, 27.616013332000023], [86.76758789500008, 27.615353520000042], [86.76914477000008, 27.611339582000028], [86.77109839400003, 27.608668832000035], [86.77313470700005, 27.607902769000077], [86.77744083200008, 27.608006769000042], [86.78116902000005, 27.608924269000056], [86.78646951900004, 27.606384957000046], [86.78745983200008, 27.603168769000035], [86.79081901900008, 27.602772207000044], [86.79083670700004, 27.603313770000057], [86.79220220700006, 27.605876957000078], [86.79218664500007, 27.609421832000066], [86.79372426900005, 27.611274457000036], [86.79699183200006, 27.61331464500006], [86.79861614500004, 27.615487707000057], [86.80004164500008, 27.61625476900008], [86.80071026900004, 27.618426457000055], [86.80202458200006, 27.61943695700006], [86.80749139400007, 27.62066539400007], [86.80863833200004, 27.62198027000005], [86.81308933200006, 27.632393207000064], [86.81299895700005, 27.635613082000077], [86.81420876900006, 27.641639519000023], [86.81361795600003, 27.646020769000074], [86.81392439500007, 27.647986582000044], [86.81511220700008, 27.65007995700006], [86.81558376900006, 27.654663457000026], [86.81707845700004, 27.66086845700005], [86.81676545700003, 27.66335245700003], [86.82001295700007, 27.666624082000055], [86.82113533200004, 27.669071520000045], [86.82176539400007, 27.672396082000034], [86.82323583100003, 27.676888332000033], [86.82290914500004, 27.681030769000074], [86.82223758200007, 27.68270414500006], [86.82210445700008, 27.688410644000044], [86.82229426900005, 27.69153383200006], [86.82130495700005, 27.69424033200005], [86.82202570600003, 27.696718832000045], [86.82261970700006, 27.700952707000056], [86.82547070700008, 27.710061144000065], [86.82766170700006, 27.714267644000074], [86.83073427000005, 27.718114145000072], [86.83427514500005, 27.723089394000056], [86.83733245600007, 27.727939895000077], [86.84376851900004, 27.734617395000043], [86.85156989500007, 27.737775894000038], [86.85467401900007, 27.737876269000026], [86.85698251900004, 27.73739583200006], [86.86222802000003, 27.737263520000056], [86.86601127000006, 27.73753345700004], [86.86814052000005, 27.738160519000076], [86.87060639400005, 27.740202707000037], [86.87204364500008, 27.743669957000066], [86.87317164400008, 27.749350707000076], [86.87075395700003, 27.75000108200004], [86.87116989400005, 27.75305370700005], [86.87370614400004, 27.757334207000042], [86.87814958200005, 27.760810895000077], [86.88468039500003, 27.764528332000054], [86.89239283200004, 27.76736189500008], [86.89443364400006, 27.769058020000045], [86.89506458200003, 27.773499082000058], [86.89342814500003, 27.77616277000004], [86.89224345700006, 27.780925207000053], [86.89369439400008, 27.782539645000043], [86.90095539400005, 27.784000457000047], [86.90044702000006, 27.785405832000038], [86.89807564400007, 27.78875720700006], [86.89669227000007, 27.794056520000026], [86.89669033200005, 27.796112144000062], [86.89824233200005, 27.799518207000062], [86.89814708200004, 27.800585457000068], [86.89612920700006, 27.80377001900007], [86.89521664500006, 27.80904933200003], [86.89530902000007, 27.81093583200004], [86.89238314500005, 27.814591208000024], [86.89115627000007, 27.81532583300003], [86.89166477000003, 27.817945957000063], [86.89327102000004, 27.82049920700007], [86.89313645700008, 27.822825520000038], [86.89380295700005, 27.824879332000023], [86.89281670700007, 27.829190582000024], [86.89337439500008, 27.832896083000037], [86.89123520700008, 27.83514633200008], [86.89162058200003, 27.837425582000037], [86.89105733200006, 27.839823645000024], [86.88888264500008, 27.844244582000044], [86.88804508200008, 27.848154332000036], [86.88599483200005, 27.85198170700005], [86.88722276900006, 27.853390770000033], [86.89335052000007, 27.85731045700004], [86.89804458200007, 27.85903789500003], [86.90078151900008, 27.862237207000078], [86.90347827000005, 27.864403020000054], [86.91057195700006, 27.86929970700004], [86.91269970700006, 27.871376957000052], [86.91755358200004, 27.870353269000077], [86.92344895700006, 27.866784770000038], [86.92746851900006, 27.86667639500007], [86.93129714500003, 27.867734332000055], [86.93684314500007, 27.868023582000035], [86.94163776900007, 27.869081707000078], [86.94691214400007, 27.868783707000034], [86.95291164500009, 27.87009914500004], [86.95806970700005, 27.87089277000007], [86.96180008200008, 27.87208977000006], [86.96359908200003, 27.87216920700007], [86.96633926900006, 27.87316045700004], [86.97496333200007, 27.877190020000057], [86.97608808200005, 27.878243957000052], [86.97689358200006, 27.88316752000003], [86.97609239400003, 27.886078145000056], [86.97625683200005, 27.888916770000037], [86.97566914400005, 27.894799083000066], [86.97521495700005, 27.895818895000048], [86.97263870700004, 27.89813570700005], [86.97022726900008, 27.900937707000026], [86.96953345700007, 27.902447020000068], [86.97033283200005, 27.907530894000047], [86.97433652000007, 27.910566582000058], [86.97424514400007, 27.91300345700006], [86.97622620700008, 27.915761082000074], [86.98356608200004, 27.919611582000073], [86.98195526900008, 27.922847020000063], [86.98129364500005, 27.92910164500006], [86.98214364400008, 27.932168207000075], [86.98164770700004, 27.935065333000068], [86.98298451900007, 27.940498895000076], [86.98471851900007, 27.943888207000043], [86.98576339500005, 27.949244957000076]]]}}, {"type": "Feature", "properties": {"slug": "dhankuta-dhankuta", "municipality": "Dhankuta", "district": "Dhankuta"}, "geometry": {"type": "Polygon", "coordinates": [[[87.38431514500007, 26.944609831000037], [87.38363433300003, 26.946757769000044], [87.38511452000006, 26.949764144000028], [87.38368289500005, 26.95327489300007], [87.38477802000006, 26.955957394000052], [87.38088645700003, 26.95875039400005], [87.38040108200005, 26.961401081000076], [87.37794370700004, 26.96516501900004], [87.37431283200004, 26.968304706000026], [87.37252027000005, 26.968900706000056], [87.37422101900006, 26.97367358100007], [87.37295158200004, 26.975211456000068], [87.37402733200008, 26.976233144000048], [87.37472983200007, 26.978438269000037], [87.37382170800004, 26.98240564400004], [87.37216639500008, 26.986519394000027], [87.37259908200008, 26.98805283100006], [87.37536995800008, 26.99200364400008], [87.37644595700004, 26.997396457000036], [87.37992058200007, 26.999068332000036], [87.38094252000008, 27.003276519000053], [87.38181814500007, 27.004039144000046], [87.38171008200004, 27.009543394000048], [87.38201664500008, 27.01190983200007], [87.37985739500004, 27.014170019000062], [87.38013527000004, 27.01776414400007], [87.37917908200006, 27.021332207000057], [87.37894614400005, 27.024013769000078], [87.37933933200009, 27.026285144000042], [87.37847870700006, 27.028514769000026], [87.37910576900003, 27.02990545700004], [87.37874364500004, 27.034446769000056], [87.37433451900006, 27.037225207000063], [87.37232589500007, 27.036641582000073], [87.36703370800006, 27.039200957000048], [87.36360214500007, 27.042245081000033], [87.35801652000004, 27.046005394000076], [87.35527408200005, 27.04651558200004], [87.35204927000007, 27.044504019000044], [87.34761902000008, 27.04589608200007], [87.34586058300005, 27.046985894000045], [87.34119658200007, 27.047604269000033], [87.33986695700008, 27.047151644000053], [87.33641295700005, 27.047223144000043], [87.33459977000007, 27.048789081000052], [87.32914570700007, 27.048628206000046], [87.32681920800007, 27.047925019000047], [87.32185983300008, 27.046007019000058], [87.31856345800009, 27.045644456000048], [87.31755970700004, 27.043414832000053], [87.31460908200006, 27.039129394000042], [87.31089802000008, 27.036842582000077], [87.30960014500005, 27.03522289400007], [87.30579027000005, 27.032663144000026], [87.30187251900009, 27.03088658100006], [87.29832008200003, 27.03048345700006], [87.30031639500004, 27.02853620700006], [87.30282333200006, 27.027425081000047], [87.30492220800005, 27.023356269000033], [87.30660477000004, 27.02193995600004], [87.31133077000004, 27.02081933100004], [87.30925833200007, 27.017863144000046], [87.30418908200005, 27.01220095700006], [87.30299433300007, 27.009917519000055], [87.29870414500004, 27.004673144000037], [87.29652202000005, 27.00336214400005], [87.29251245700004, 26.99999901900003], [87.29036764500006, 26.99599339400004], [87.28716677000006, 26.99493933100007], [87.28401064500008, 26.991626144000065], [87.28160308300005, 26.985869644000047], [87.28147720700008, 26.983613268000056], [87.28226714500005, 26.97917958200003], [87.28025770800008, 26.97815220700005], [87.27711908200007, 26.977328019000026], [87.27406595700006, 26.97201951900007], [87.27407464500004, 26.968860144000075], [87.27498389500005, 26.964958831000047], [87.27465864500004, 26.958864144000074], [87.27581158200007, 26.956575894000025], [87.27521002000003, 26.953356769000038], [87.27764089500005, 26.951041144000044], [87.28018858300004, 26.945895394000047], [87.28019408300008, 26.94354164400005], [87.28118252000007, 26.94079326900004], [87.28135702000003, 26.938554269000065], [87.28105033200006, 26.933671394000044], [87.28121064500004, 26.93080283200004], [87.28313314500008, 26.926339769000037], [87.28387358200007, 26.92289683200005], [87.28283514400005, 26.918633769000053], [87.28516989500008, 26.917275019000044], [87.28836401900008, 26.917056457000058], [87.29071733200004, 26.91782564400006], [87.29220195800008, 26.920212394000032], [87.29266408200004, 26.924657144000037], [87.29375295700004, 26.926369957000077], [87.29515664500008, 26.926613019000058], [87.29929502000005, 26.92443114400004], [87.30284933200005, 26.922990519000052], [87.30578777000005, 26.91942089400004], [87.30719958300006, 26.91897326900005], [87.30911027000008, 26.919623519000027], [87.31221220800006, 26.92246464400006], [87.31198370700008, 26.923841707000065], [87.30957570800007, 26.925733644000047], [87.30970514500007, 26.92749358100008], [87.31084477000007, 26.928538144000072], [87.31595952000004, 26.93053751900004], [87.31806639500007, 26.930805831000043], [87.32011595700004, 26.928585144000067], [87.32300364500009, 26.927653331000045], [87.32638089500006, 26.92884833100004], [87.33127770700008, 26.929423706000023], [87.33473614500008, 26.93058226900007], [87.33645395800005, 26.935032831000058], [87.34181464500006, 26.934852956000043], [87.34728895700005, 26.93599495600006], [87.35209977000005, 26.93550245700004], [87.35459470800004, 26.934803394000028], [87.35706689500006, 26.93628208100006], [87.35862964500006, 26.939392332000068], [87.36041077000004, 26.939868456000056], [87.36670645800007, 26.939685206000036], [87.36744526900009, 26.94020914300006], [87.36841389500006, 26.943237332000024], [87.37127145700003, 26.944450707000044], [87.37242120700006, 26.944328019000068], [87.37507227000003, 26.942461519000062], [87.37842233300006, 26.943156644000055], [87.38094645800004, 26.94420376900007], [87.38431514500007, 26.944609831000037]]]}}, {"type": "Feature", "properties": {"slug": "lalitpur-lalitpur", "municipality": "Lalitpur", "district": "Lalitpur"}, "geometry": {"type": "Polygon", "coordinates": [[[85.34590783000004, 27.671481957000026], [85.34224539300004, 27.674448145000042], [85.33685739300006, 27.677767207000045], [85.33334726800007, 27.679432145000078], [85.33185201800006, 27.681055207000043], [85.33043651800006, 27.68413483200004], [85.32757220500008, 27.68636876900007], [85.32377758000007, 27.686590144000036], [85.32104695600003, 27.687464457000033], [85.31598501800005, 27.69086751900005], [85.31041751800007, 27.693088457000044], [85.30905964300007, 27.69325470700005], [85.30527995600005, 27.691733644000067], [85.30411626800003, 27.68947270700005], [85.30285545600003, 27.68542577000005], [85.30194914300006, 27.684396457000048], [85.30163770500008, 27.678968895000025], [85.30002701800004, 27.676450269000043], [85.29538176800008, 27.67410695700005], [85.29392426800007, 27.672626895000064], [85.29433039300005, 27.67037151900007], [85.29571489300008, 27.668883019000077], [85.29927914300004, 27.668292395000037], [85.29995933100008, 27.666560082000046], [85.29862801800004, 27.664341207000064], [85.29926070500005, 27.660892457000045], [85.29653895600006, 27.659261895000043], [85.29564995600003, 27.655482144000075], [85.29075389300004, 27.651866082000026], [85.28910595500008, 27.64838214400004], [85.28989020500006, 27.644877832000077], [85.28855233000007, 27.644055457000036], [85.28618739300003, 27.644991207000032], [85.28475839600009, 27.64439526900003], [85.28564558000005, 27.641124644000058], [85.28939462800008, 27.63680764600008], [85.29196976800006, 27.63507351900006], [85.29474245500006, 27.634260269000038], [85.29576864300003, 27.628470394000033], [85.29721939300003, 27.62694745700003], [85.29501158100004, 27.62553545700007], [85.29528020500004, 27.62092133300007], [85.29397089300005, 27.618738332000078], [85.29457401800005, 27.615743270000053], [85.29594539300007, 27.612765895000052], [85.29533410200008, 27.61183306600003], [85.29278563800005, 27.612229090000028], [85.29268461900006, 27.61112224900006], [85.29608233000005, 27.608157520000077], [85.29656558300007, 27.606122395000057], [85.29895520600007, 27.60901958200003], [85.30015083000006, 27.60769083200006], [85.30244720500008, 27.608267144000024], [85.30225201800005, 27.609909208000033], [85.30445576800008, 27.610032957000044], [85.30548870600006, 27.612829832000045], [85.30484158000007, 27.615182333000064], [85.30912545600006, 27.615615770000034], [85.31026133100005, 27.616451145000042], [85.31379514300005, 27.616158270000028], [85.31210495600004, 27.617857333000075], [85.31291701800006, 27.61925295700007], [85.31192889300007, 27.62204639400005], [85.31220051800005, 27.62374495800003], [85.31424333000007, 27.625480895000067], [85.31683251800007, 27.625084082000058], [85.31826283100008, 27.625643582000066], [85.32033545600007, 27.625258332000044], [85.32334464300004, 27.626454770000066], [85.32763551800008, 27.627004895000027], [85.32626545600004, 27.623983457000065], [85.32814495500008, 27.62046852000003], [85.33394226800004, 27.61883589400003], [85.33782351800005, 27.621860019000053], [85.34017001800004, 27.622455519000027], [85.34205670500006, 27.624443020000058], [85.34457076800004, 27.625321145000044], [85.34490276800005, 27.626834019000057], [85.34102576800007, 27.628137269000035], [85.33936120600004, 27.629518269000073], [85.34394801800005, 27.63017558200005], [85.34481983000006, 27.62963695700006], [85.34790639300007, 27.631068957000025], [85.35485389300004, 27.63193977000003], [85.35429351800008, 27.632978582000078], [85.35527870500005, 27.63511451900007], [85.35467120600003, 27.63731564400007], [85.35457651800004, 27.64166414500005], [85.35409508100008, 27.644021957000064], [85.34955189300007, 27.647800145000076], [85.34808433000006, 27.648216020000064], [85.34398126800005, 27.647303769000075], [85.33899983000003, 27.64743095700004], [85.33843601800004, 27.650915332000068], [85.33711645600005, 27.652518644000054], [85.33860601800006, 27.65634414400006], [85.33790739300008, 27.658013707000066], [85.33899958100005, 27.65921695700007], [85.33685645500003, 27.66118695700004], [85.33684389300004, 27.663957520000054], [85.33613795500008, 27.665970019000042], [85.33836526800008, 27.666217019000044], [85.34136708000005, 27.66753264400006], [85.34161789300003, 27.669032832000028], [85.34362308000004, 27.67084758200008], [85.34590783000004, 27.671481957000026]]]}}, {"type": "Feature", "properties": {"slug": "rupandehi-tilottama", "municipality": "Tilottama", "district": "Rupandehi"}, "geometry": {"type": "Polygon", "coordinates": [[[83.50230364200007, 27.666707020000047], [83.50087395400004, 27.66761120700005], [83.49745695400009, 27.670981269000038], [83.49317920400006, 27.672915207000074], [83.49138726600006, 27.670455895000032], [83.48792314100007, 27.669585707000067], [83.48061807900007, 27.66730439400004], [83.47526620400004, 27.667457957000067], [83.47106851600006, 27.66791808200003], [83.46583526600006, 27.66744452000006], [83.46276014100005, 27.66644658200005], [83.45935476600005, 27.66588283200008], [83.45180639100005, 27.666313394000042], [83.45202820400004, 27.661291520000077], [83.45114689200005, 27.65552964500006], [83.45188182800007, 27.65062933200005], [83.45200282800005, 27.64757464400003], [83.45262795400004, 27.645119832000034], [83.45171170400005, 27.64472595700005], [83.44871820400004, 27.641683645000057], [83.44528764100005, 27.639057019000063], [83.44420064100007, 27.637437082000076], [83.43993520300006, 27.628879332000054], [83.43715251600008, 27.624905832000024], [83.43557095400007, 27.621025082000074], [83.43413426600006, 27.615400770000065], [83.43319414100006, 27.613068269000053], [83.42898364100006, 27.61020114400003], [83.42462695400008, 27.599598332000028], [83.42456539100004, 27.59513701900005], [83.42244851600003, 27.586217582000074], [83.42032132900005, 27.581068582000057], [83.41878682900006, 27.57845820700004], [83.41802839100006, 27.574560457000075], [83.42033182900008, 27.572990582000045], [83.42052964100003, 27.571673645000033], [83.41763814100005, 27.570474644000058], [83.41583001600003, 27.568702519000055], [83.41842782900005, 27.565558957000064], [83.42157157800006, 27.563590894000072], [83.42267814100006, 27.56400164400003], [83.42434770400007, 27.56267052000004], [83.42428026600004, 27.561165207000045], [83.42666989100007, 27.554881832000035], [83.42848507800005, 27.553009707000058], [83.43203657900006, 27.55017664500008], [83.43434226600004, 27.55415514500004], [83.43449945300006, 27.556080457000064], [83.43637676600008, 27.560386707000077], [83.43463439100003, 27.563721394000027], [83.43435482800004, 27.566276832000028], [83.43825982900006, 27.567172645000028], [83.44044276600005, 27.568433769000023], [83.44394357900006, 27.566024457000026], [83.44569239100008, 27.564246582000067], [83.44657407900007, 27.567294020000077], [83.44878795400007, 27.56916883200006], [83.45125107900003, 27.568158769000036], [83.45708082900006, 27.572583957000063], [83.45850632900004, 27.573124332000077], [83.45853639100005, 27.57048439500005], [83.46020776700004, 27.568329207000033], [83.46290864100007, 27.567227270000046], [83.46434539100005, 27.565247145000058], [83.46475432900007, 27.567205082000044], [83.46656370400007, 27.56671108200004], [83.46614339100006, 27.564101019000077], [83.46869951600007, 27.563964145000057], [83.47212089100003, 27.56265264500007], [83.47211257900005, 27.559101019000025], [83.47831220400008, 27.55752908200003], [83.47993289100003, 27.556411395000055], [83.48608751600005, 27.556833707000067], [83.48755226700007, 27.555805645000078], [83.48663182900003, 27.554324270000052], [83.49204195300007, 27.554560770000023], [83.49683776600006, 27.558669207000037], [83.50093764100006, 27.55702770700003], [83.50208264200006, 27.555619269000033], [83.50203907900004, 27.552787269000078], [83.50370076700005, 27.551263332000076], [83.50455332900003, 27.552112581000074], [83.50807464100006, 27.552641832000063], [83.51284420300004, 27.554308082000034], [83.51321264100005, 27.55335939400004], [83.51721995400004, 27.55283858200005], [83.51862632900009, 27.55358133200008], [83.52476707900007, 27.55090602000007], [83.52913564200009, 27.55151201900003], [83.52996151700006, 27.552731082000037], [83.53377920400004, 27.550616082000033], [83.53553907900005, 27.552203770000062], [83.53490201600005, 27.554467144000057], [83.53304207900004, 27.555873457000075], [83.52920395300004, 27.55775595700004], [83.52728676600003, 27.560536082000056], [83.52939339100004, 27.561867832000075], [83.53154801700003, 27.561751082000058], [83.53374557900008, 27.565255957000034], [83.53247457900005, 27.566865020000023], [83.53247051600005, 27.569089895000047], [83.53430270300004, 27.570635019000065], [83.53264232800007, 27.572994145000052], [83.53286114100007, 27.57573420700004], [83.53549014100008, 27.57616501900003], [83.53604401600006, 27.578296957000077], [83.54418520400003, 27.576800769000045], [83.54667476600008, 27.576750270000048], [83.54842189100003, 27.579269644000078], [83.54904614100008, 27.581135519000043], [83.54803326600006, 27.58234170700007], [83.54628745400004, 27.58271058200006], [83.54539995400006, 27.584052519000068], [83.54642282900005, 27.585353332000068], [83.55226264100008, 27.589093207000076], [83.55086089100007, 27.591401520000034], [83.55111032800005, 27.592744957000036], [83.55260926600005, 27.593862269000056], [83.55391682900006, 27.59589495700004], [83.55385689200006, 27.59864764400004], [83.55224270400004, 27.600856019000048], [83.55182607900008, 27.60520970700003], [83.55214757900006, 27.607205332000035], [83.55062957900003, 27.60891764400003], [83.55072595400009, 27.61238164400004], [83.54698882900004, 27.612543207000044], [83.54531232900007, 27.613661457000035], [83.54591632900008, 27.615547582000033], [83.54881970400004, 27.61517795700007], [83.55045682800005, 27.61587595700007], [83.55001014100003, 27.618701895000072], [83.54847857900006, 27.620208707000074], [83.54591307800007, 27.619857332000038], [83.54411757900004, 27.621685957000068], [83.54410901600005, 27.625210520000053], [83.54802464100004, 27.625582020000024], [83.55077270400005, 27.62746839400006], [83.55088951600004, 27.632372020000048], [83.54976576600006, 27.632774520000055], [83.54745239200008, 27.63149214500004], [83.54526776600005, 27.632412394000028], [83.54583951600006, 27.634912144000054], [83.54135807900008, 27.63908758200006], [83.53839095400008, 27.640456457000028], [83.53883464100005, 27.641899769000077], [83.54070064200005, 27.641948832000026], [83.53684607900004, 27.644776832000048], [83.53625420400004, 27.646489769000027], [83.53418789100004, 27.647872832000076], [83.53356239100003, 27.651289145000078], [83.53205939100008, 27.65239433200003], [83.53139895400005, 27.656478520000064], [83.51923651600003, 27.656145769000034], [83.51785864200008, 27.656409520000068], [83.51477301700004, 27.658330332000048], [83.50645782900006, 27.664183394000077], [83.50230364200007, 27.666707020000047]]]}}, {"type": "Feature", "properties": {"slug": "gulmi-musikot", "municipality": "Musikot", "district": "Gulmi"}, "geometry": {"type": "Polygon", "coordinates": [[[83.28386332800005, 28.190001582000036], [83.28210639100007, 28.189583957000025], [83.28005057900003, 28.190879520000067], [83.27827839100007, 28.188805770000045], [83.27587695300008, 28.187382957000068], [83.27471820300008, 28.189655582000057], [83.27267776600007, 28.191772332000028], [83.27280407800004, 28.19502645800003], [83.26894301600004, 28.19861127000007], [83.26628670300005, 28.19954014500007], [83.26292770400005, 28.19935739500005], [83.26098170300008, 28.200364457000035], [83.26054570400004, 28.20386370800003], [83.25751570300008, 28.205710958000054], [83.25596489100008, 28.20851827000007], [83.25590026600008, 28.21104708300004], [83.25378970400004, 28.214020582000046], [83.24930914100008, 28.21676208200006], [83.24620439100005, 28.217074457000024], [83.24411589000005, 28.219709395000052], [83.24185457900006, 28.219604395000033], [83.23908626600007, 28.22095402000008], [83.23576282800008, 28.221689083000058], [83.23530032800005, 28.225558083000067], [83.23322832800005, 28.228129770000066], [83.23027051600008, 28.230949208000027], [83.22789707800007, 28.232373020000068], [83.22807364100004, 28.234966332000056], [83.22575976600007, 28.235668458000077], [83.22387914100005, 28.23713783200003], [83.22203664100005, 28.240667333000033], [83.21777932900005, 28.243675333000056], [83.21779489000005, 28.247655270000052], [83.21706482800005, 28.248576145000072], [83.21390707800003, 28.24859639500005], [83.21115420300004, 28.25051858200004], [83.20745376600007, 28.252205082000046], [83.20698245300008, 28.254262208000057], [83.20568095400006, 28.255815958000028], [83.20311245300007, 28.25764877000006], [83.20008139100008, 28.258583145000046], [83.19716382900003, 28.26098458200005], [83.19521251600008, 28.26318420700005], [83.19105832900004, 28.26509770800004], [83.19005245400007, 28.266980146000037], [83.18818001600005, 28.267824145000077], [83.18494595300007, 28.264400332000037], [83.18310526600004, 28.261785770000074], [83.18332832800007, 28.259307583000066], [83.18095951500004, 28.25692220700006], [83.17869820400006, 28.25316339500006], [83.18309614100008, 28.249446833000036], [83.18882507900008, 28.250026895000076], [83.19457870300005, 28.251008520000028], [83.19678876600005, 28.251705145000074], [83.19925751600005, 28.25472483300007], [83.20366114100005, 28.25320739500006], [83.20540857800006, 28.251780332000067], [83.20308945300008, 28.247847895000064], [83.19979401600006, 28.24592670800007], [83.20014526500006, 28.244390020000026], [83.20243314100009, 28.241840395000054], [83.20244801600006, 28.237314583000057], [83.20460832800006, 28.23355264500003], [83.20605170400006, 28.23194333200007], [83.20793901600007, 28.230968333000078], [83.20637032800005, 28.22891064500004], [83.20606582800008, 28.22745589500005], [83.20431514100005, 28.22444052000003], [83.20400064100005, 28.22206970700006], [83.20092551600004, 28.21986552000004], [83.20022620400005, 28.215561207000064], [83.20395776600003, 28.215309957000045], [83.20459364100003, 28.214359270000045], [83.20659407900007, 28.214282895000053], [83.21154345300005, 28.21602845700005], [83.21435520300008, 28.216513958000064], [83.21519226600003, 28.214555895000046], [83.21833445400006, 28.212159770000028], [83.22337345300008, 28.211441645000036], [83.22711951600007, 28.21525777000005], [83.22793495400003, 28.213261145000047], [83.22996782900003, 28.21211514500004], [83.23341501600004, 28.209262395000053], [83.23511232900006, 28.207254895000062], [83.23784857900006, 28.20301945800003], [83.23895145300008, 28.202468270000054], [83.23961226600005, 28.200594833000025], [83.23854176600008, 28.199767645000065], [83.23894382900005, 28.197933332000048], [83.23717232800004, 28.195897458000047], [83.23833876600008, 28.19270689500007], [83.24037201600004, 28.191621707000024], [83.24103164100006, 28.189901645000077], [83.24356920300005, 28.187614332000066], [83.24377314100008, 28.186315895000064], [83.24535389100004, 28.185230395000076], [83.24493889100006, 28.183220083000037], [83.24338682800004, 28.180648457000075], [83.24430926600007, 28.178336520000073], [83.24571832900006, 28.177155207000055], [83.24936964100004, 28.17561845800003], [83.25135782900009, 28.171931457000028], [83.24972507900003, 28.16586008300004], [83.24837620400007, 28.162105145000055], [83.24809545400007, 28.15942552000007], [83.24918926600003, 28.15718883200003], [83.24959764100004, 28.151699457000063], [83.25215376600005, 28.149698645000058], [83.25329576600006, 28.143696582000075], [83.25472001600008, 28.142768082000032], [83.25751445400005, 28.139152895000052], [83.25914595300003, 28.132228395000027], [83.26049920300005, 28.13015770800007], [83.26047520300006, 28.12745908200003], [83.26150032800007, 28.125639395000064], [83.26039120400003, 28.123844270000063], [83.25984026700007, 28.121007457000076], [83.25794395400004, 28.11985114500004], [83.25611639100003, 28.11961327000006], [83.25723626600006, 28.11733602000004], [83.25871751600005, 28.117646395000065], [83.25905551600005, 28.115683020000063], [83.26071014100006, 28.114771458000064], [83.26386864100004, 28.115278020000062], [83.26605526600008, 28.11472120700006], [83.26710989100008, 28.112461582000037], [83.27033532800004, 28.109320082000067], [83.27133295400006, 28.107806895000067], [83.27426326600005, 28.106646957000066], [83.27772095300008, 28.106107957000063], [83.27957689100003, 28.104779707000034], [83.28048301600006, 28.10234777000005], [83.28174464100005, 28.10171589500004], [83.28051445300008, 28.106512958000053], [83.28060170400005, 28.10764377000004], [83.28786326600004, 28.11235883200004], [83.29034607800008, 28.11210995700003], [83.29077570300007, 28.114544395000053], [83.29198251600008, 28.115728395000076], [83.29331639100008, 28.119399395000073], [83.29618814100007, 28.119098333000068], [83.30017945300006, 28.120039270000063], [83.30440314100008, 28.11886045700004], [83.30684914100004, 28.11945270800004], [83.31099045300004, 28.119247958000074], [83.31347889100005, 28.117487020000056], [83.31709245400003, 28.117868333000047], [83.31814782900005, 28.120310333000077], [83.32159151600007, 28.11934820700003], [83.32418926700007, 28.119904770000062], [83.32517495400003, 28.11779777000004], [83.32701476600005, 28.116143958000066], [83.32870345400005, 28.11571002000005], [83.33159501600005, 28.114282395000032], [83.33333357900005, 28.111842832000036], [83.33400482900004, 28.109673333000046], [83.33365370300004, 28.107604957000035], [83.33154264100006, 28.106367270000078], [83.33029695400006, 28.103712332000043], [83.33051439100007, 28.102395770000044], [83.33375164100005, 28.103343333000055], [83.33754251600004, 28.10141008200003], [83.34033332900003, 28.10212070800003], [83.34158114100006, 28.103419520000045], [83.34197726600007, 28.105280583000024], [83.34735826600007, 28.107061645000044], [83.34813664100005, 28.10810545700008], [83.35146964100005, 28.108669520000035], [83.35426751600005, 28.11016283300006], [83.35680857900007, 28.11040945800005], [83.35951020400006, 28.112436957000057], [83.36016864100003, 28.117532332000053], [83.35844439100003, 28.119724145000077], [83.35583770300008, 28.120641457000033], [83.35398432800008, 28.12531670800007], [83.35325014100005, 28.129051832000073], [83.35079120400007, 28.132740458000058], [83.35086751600005, 28.134651833000078], [83.35247807800005, 28.139147145000038], [83.35289020300007, 28.14316070700005], [83.35209470300003, 28.148084520000054], [83.35208620300006, 28.150072270000067], [83.35114832900007, 28.153046020000033], [83.35030745400007, 28.15344364500004], [83.34537201600006, 28.150633707000054], [83.34467195300005, 28.153304020000064], [83.34218295300008, 28.156768958000043], [83.33862126600008, 28.159466020000025], [83.34038289100005, 28.160009270000046], [83.34668926600006, 28.159349082000062], [83.35070739100007, 28.160514333000037], [83.35200520300003, 28.15887570800004], [83.35824595400004, 28.158426770000062], [83.36227570300008, 28.156782707000048], [83.36597045400003, 28.156495207000034], [83.36683789100005, 28.157437895000044], [83.37021464200006, 28.15694577000005], [83.37208245400006, 28.157631270000024], [83.37811007900007, 28.16264952000006], [83.38259282900003, 28.16362195800008], [83.38641207900008, 28.16363908200003], [83.38014314100008, 28.170706770000038], [83.37814089100004, 28.173511207000047], [83.37486251600006, 28.175876582000058], [83.37261707900007, 28.176243145000058], [83.37196426600008, 28.177760832000047], [83.37236464100005, 28.181323020000036], [83.37116495300006, 28.18332552000004], [83.36621045300006, 28.186244895000073], [83.36641007900005, 28.18849295700005], [83.36519026600007, 28.189581583000063], [83.36466470300007, 28.19201133300004], [83.36043495300004, 28.194730708000066], [83.35746082800006, 28.195980270000064], [83.35753370300006, 28.197316270000044], [83.35474332800004, 28.197646083000052], [83.35247582800008, 28.194445082000072], [83.35036732900005, 28.19435839500005], [83.34964026600005, 28.193305770000052], [83.34707845400004, 28.19348539500004], [83.34317189100005, 28.19117664500004], [83.34016476600004, 28.189900958000067], [83.33799051600005, 28.190120582000077], [83.33287407800003, 28.18893152000004], [83.32938745300004, 28.189031833000058], [83.32699276600005, 28.190337707000026], [83.32303595400003, 28.189785707000055], [83.32060032800007, 28.190651270000046], [83.31851482900004, 28.190221270000052], [83.31602776600005, 28.19286445800003], [83.31266526600007, 28.193996020000043], [83.31149376600007, 28.19603420800007], [83.30984845400008, 28.197481208000056], [83.30829495400008, 28.197723833000055], [83.30352389100005, 28.19560589500003], [83.29942607900006, 28.192683395000074], [83.29257132900005, 28.192833208000025], [83.28947245400008, 28.192478770000037], [83.28640870300006, 28.190287832000024], [83.28386332800005, 28.190001582000036]]]}}, {"type": "Feature", "properties": {"slug": "baglung-galkot", "municipality": "Galkot", "district": "Baglung"}, "geometry": {"type": "Polygon", "coordinates": [[[83.47094220400004, 28.247863082000038], [83.46635914100005, 28.248646208000025], [83.46270695400005, 28.247663958000032], [83.46001701600005, 28.248147520000032], [83.45841657800008, 28.246367770000063], [83.45684170300007, 28.246596208000028], [83.45070451600003, 28.24429964500007], [83.44844070300007, 28.248306583000044], [83.44208957900008, 28.25457345700005], [83.44082239100004, 28.256361957000024], [83.43985632900007, 28.25964083300005], [83.43706357900004, 28.262819645000036], [83.43461401600007, 28.26479727000003], [83.43274432800007, 28.264453333000063], [83.42988501600007, 28.26067352000007], [83.42960401600004, 28.25488064500007], [83.42388789100005, 28.25521539500005], [83.42171926700007, 28.256241895000073], [83.41652726600006, 28.256871833000048], [83.41425257900005, 28.25595514500003], [83.40868170300007, 28.25944858200006], [83.40797851700006, 28.262635833000047], [83.40572945400004, 28.264449083000045], [83.40221495400004, 28.266435020000074], [83.40097576600004, 28.269852270000058], [83.39866139100008, 28.271378583000057], [83.39503720400006, 28.272066521000056], [83.39349232800004, 28.271913020000056], [83.38969351700007, 28.27010014500007], [83.38542570300007, 28.271091770000055], [83.38102676600005, 28.269831020000026], [83.37937345300008, 28.26822839500005], [83.37466382900004, 28.271717583000054], [83.37466832900003, 28.272805083000037], [83.37124745400007, 28.27427170800007], [83.36950357900008, 28.27577983200007], [83.36714664100003, 28.279340520000062], [83.36558295400005, 28.280312458000026], [83.36540514100005, 28.284835333000046], [83.36443382800007, 28.286425895000036], [83.36452182800008, 28.290435583000033], [83.36115270400006, 28.29287908300006], [83.36048457900006, 28.294631270000025], [83.35861995400006, 28.29573933300003], [83.35432757900008, 28.29662614500006], [83.35206739100005, 28.296732707000047], [83.35083632800007, 28.300370645000044], [83.34853814100006, 28.30174045800004], [83.34638357900008, 28.310098270000026], [83.34686945400006, 28.312402020000036], [83.34662970400007, 28.315864083000065], [83.34396639100004, 28.318707645000075], [83.34093189100008, 28.323575395000034], [83.33804007800006, 28.325783708000074], [83.33760114100005, 28.329646395000054], [83.33517876600007, 28.332148020000034], [83.33440414100005, 28.333689708000065], [83.33073089100003, 28.33677620800006], [83.32723270400004, 28.336677833000067], [83.32429107900003, 28.338292207000052], [83.32048251600008, 28.33872677100004], [83.31911339100003, 28.337885208000046], [83.31842864100008, 28.336092645000065], [83.31787220400008, 28.331789583000045], [83.31667526600006, 28.329744020000078], [83.31520264100004, 28.328712333000055], [83.31234764100003, 28.325094895000063], [83.31279632900004, 28.324124708000056], [83.31103520400006, 28.319696020000038], [83.31151726600007, 28.315468145000068], [83.31031289100008, 28.315166520000048], [83.30465720300003, 28.312475520000078], [83.30310607800004, 28.312244270000065], [83.30018714100004, 28.30991220800007], [83.29757332900004, 28.308691770000053], [83.29723320400007, 28.30585177000006], [83.29628676600004, 28.303083083000047], [83.29695689100004, 28.299260020000077], [83.29651045300005, 28.297567770000057], [83.29480689100006, 28.296169270000064], [83.29323357800007, 28.297259895000025], [83.28790076600006, 28.297678895000047], [83.28622532800006, 28.296203582000032], [83.28936820300004, 28.292634958000065], [83.28919114100006, 28.29050877000003], [83.29113101600007, 28.287759520000066], [83.29108570300008, 28.28536777000005], [83.29421164100006, 28.286270582000043], [83.29491357800003, 28.28549808300005], [83.29361051600006, 28.282400395000025], [83.29319326600006, 28.277843020000034], [83.29259251600007, 28.276477207000028], [83.29421439100008, 28.274741583000036], [83.29626945300004, 28.27155739600005], [83.29981601600008, 28.270497145000036], [83.30256657800004, 28.270687208000027], [83.30591532800008, 28.26985595700006], [83.31029057800004, 28.270681208000042], [83.31364251600007, 28.272234645000026], [83.31490557900008, 28.27135202000005], [83.31654207900004, 28.26869795700003], [83.31916476600009, 28.26754683300004], [83.32218289100007, 28.26462427000007], [83.32381101600004, 28.262448333000066], [83.32642832800008, 28.256446270000026], [83.32436170400007, 28.25523133200005], [83.32129026600006, 28.25109845700007], [83.32537332900006, 28.247441082000023], [83.32681545400004, 28.244659520000027], [83.33047532800003, 28.243220020000024], [83.33328582800004, 28.244111333000035], [83.33488832800003, 28.242077332000065], [83.33447132800006, 28.23973339500003], [83.33558051700004, 28.236713208000026], [83.33461651600004, 28.23384089500007], [83.33667982900005, 28.22946708300003], [83.33723332800008, 28.22745045700003], [83.33922720300006, 28.224741395000024], [83.33862701600003, 28.222820770000055], [83.33458976600008, 28.21561733300007], [83.33222382900004, 28.215235833000065], [83.32927882800004, 28.213105083000073], [83.32751070300003, 28.21271283300007], [83.32521001600009, 28.21345958300003], [83.31973226600007, 28.213168520000067], [83.31811057800007, 28.213577832000055], [83.31545007800008, 28.212625957000057], [83.31124751600004, 28.211797145000048], [83.30728882800008, 28.21323920800006], [83.30330557800005, 28.212616583000056], [83.30115526600008, 28.210491520000062], [83.29778195400007, 28.20932358300007], [83.29578107900005, 28.20809495800006], [83.29331939100007, 28.20735127000006], [83.29081176600005, 28.204371395000067], [83.29051045300008, 28.20227383300005], [83.28946076600005, 28.201280145000055], [83.28961589100004, 28.19644139500008], [83.28704282900009, 28.193309958000043], [83.28532501600006, 28.192116458000044], [83.28386332800005, 28.190001582000036], [83.28640870300006, 28.190287832000024], [83.28947245400008, 28.192478770000037], [83.29257132900005, 28.192833208000025], [83.29942607900006, 28.192683395000074], [83.30352389100005, 28.19560589500003], [83.30829495400008, 28.197723833000055], [83.30984845400008, 28.197481208000056], [83.31149376600007, 28.19603420800007], [83.31266526600007, 28.193996020000043], [83.31602776600005, 28.19286445800003], [83.31851482900004, 28.190221270000052], [83.32060032800007, 28.190651270000046], [83.32303595400003, 28.189785707000055], [83.32699276600005, 28.190337707000026], [83.32938745300004, 28.189031833000058], [83.33287407800003, 28.18893152000004], [83.33799051600005, 28.190120582000077], [83.34016476600004, 28.189900958000067], [83.34317189100005, 28.19117664500004], [83.34707845400004, 28.19348539500004], [83.34964026600005, 28.193305770000052], [83.35036732900005, 28.19435839500005], [83.35247582800008, 28.194445082000072], [83.35474332800004, 28.197646083000052], [83.35753370300006, 28.197316270000044], [83.35746082800006, 28.195980270000064], [83.36043495300004, 28.194730708000066], [83.36466470300007, 28.19201133300004], [83.36519026600007, 28.189581583000063], [83.36641007900005, 28.18849295700005], [83.36621045300006, 28.186244895000073], [83.37116495300006, 28.18332552000004], [83.37236464100005, 28.181323020000036], [83.37196426600008, 28.177760832000047], [83.37261707900007, 28.176243145000058], [83.37486251600006, 28.175876582000058], [83.37814089100004, 28.173511207000047], [83.38014314100008, 28.170706770000038], [83.38641207900008, 28.16363908200003], [83.39193564200008, 28.167357207000066], [83.39737332800007, 28.169486333000066], [83.39980820300008, 28.170843957000045], [83.40358014100008, 28.171683957000027], [83.40771095300005, 28.17388820700006], [83.40812239200005, 28.175884520000068], [83.40772157900005, 28.177868270000033], [83.41186364100008, 28.178553957000076], [83.41569326600006, 28.17992408200007], [83.41833207900004, 28.179847332000065], [83.42201945300008, 28.178870208000035], [83.42392670400005, 28.180177832000027], [83.42776682800007, 28.180216520000045], [83.43044770300008, 28.18145958200006], [83.43369920400005, 28.18085714500006], [83.43971232900003, 28.181768582000075], [83.44264076600007, 28.181218707000028], [83.44389339100007, 28.178426082000044], [83.44616670400006, 28.17731164500003], [83.44808882800004, 28.174280270000054], [83.45003714100005, 28.17333370700004], [83.45448089100006, 28.17442545800003], [83.45758576600008, 28.173607520000076], [83.46125957800007, 28.17312789500005], [83.46336901600006, 28.173792708000065], [83.46674826600008, 28.17411277000008], [83.47086764100004, 28.175001895000037], [83.47530432900004, 28.178509458000065], [83.47858251600007, 28.17850614500003], [83.48007645400008, 28.177616082000043], [83.48421164100006, 28.176386207000064], [83.49175726600004, 28.176148270000056], [83.49474870400007, 28.175376395000058], [83.49648920400006, 28.176319145000036], [83.49855557900008, 28.175762708000036], [83.50211526700008, 28.176138895000065], [83.50683214100007, 28.173685395000064], [83.51161507900008, 28.174505770000053], [83.51343839100008, 28.176168333000078], [83.51302057900006, 28.178244895000034], [83.51175851600004, 28.178946583000027], [83.51092595400007, 28.182145270000035], [83.51175801700003, 28.18900952000007], [83.51426945400004, 28.192292270000053], [83.51568076600006, 28.19650752000007], [83.51463201600006, 28.199703082000042], [83.51582289200007, 28.202480270000024], [83.51486170300007, 28.203972770000064], [83.50928270300005, 28.205031332000033], [83.50550751700007, 28.20756058300003], [83.50299407900008, 28.210265708000065], [83.49901007900007, 28.21127327000005], [83.49776145300007, 28.21294958200008], [83.49777795400007, 28.215961770000035], [83.49700351600006, 28.217454770000074], [83.49635045400004, 28.22078033300005], [83.49420014200007, 28.222539083000072], [83.49410595300003, 28.224406895000072], [83.48935332800005, 28.226677083000027], [83.48673251600007, 28.227017020000062], [83.48538695400003, 28.228045270000052], [83.48500164100005, 28.232003520000035], [83.48229370300004, 28.236262083000042], [83.48108789100007, 28.240359332000025], [83.47975701600006, 28.242962521000038], [83.47724145400008, 28.244557083000075], [83.47193045400007, 28.24651764500004], [83.47094220400004, 28.247863082000038]]]}}, {"type": "Feature", "properties": {"slug": "nawalparasi-west-sunwal", "municipality": "Sunwal", "district": "Nawalparasi (West)"}, "geometry": {"type": "Polygon", "coordinates": [[[83.69732264100008, 27.661933582000074], [83.69569764200008, 27.664854395000077], [83.69260970500005, 27.664755083000045], [83.69151939200003, 27.66279183300003], [83.68819926600008, 27.66405252000004], [83.68614420500006, 27.663711644000045], [83.68023226600008, 27.669630332000054], [83.67756058000003, 27.670492895000052], [83.67588201600006, 27.67255139400004], [83.67468433000005, 27.67225527000005], [83.67142926700006, 27.67342089500005], [83.66910095400004, 27.675915521000036], [83.66789301700004, 27.67640452100005], [83.66360026600006, 27.67980364500005], [83.66352658000005, 27.680667707000055], [83.65954532900008, 27.683760582000048], [83.65944133000005, 27.68664858300008], [83.65880020500003, 27.688194958000054], [83.65618733000008, 27.688899270000036], [83.65522508000004, 27.690887020000048], [83.65173289200004, 27.690749708000055], [83.64967657900007, 27.691360520000046], [83.64117026800005, 27.69079720700006], [83.63855751700004, 27.691979520000075], [83.63725045400008, 27.691863332000025], [83.63506614100004, 27.693103145000066], [83.63454889200005, 27.689432770000053], [83.63585495300003, 27.688305770000056], [83.63568176600006, 27.68645052000005], [83.63467370300003, 27.68505339400008], [83.63580820400006, 27.683679957000038], [83.63439264200008, 27.682015457000034], [83.63459757800007, 27.68023114500005], [83.63380701700004, 27.679100832000074], [83.63555695400004, 27.67821189500006], [83.63372820400008, 27.676972832000047], [83.63140345400006, 27.669533957000056], [83.63276051600008, 27.66753151900008], [83.63147432900007, 27.664197582000043], [83.62835039100008, 27.663537145000078], [83.62567489200006, 27.661440457000026], [83.62143082900008, 27.65950427000007], [83.61995801600006, 27.657690457000058], [83.61658707800007, 27.65543608200005], [83.61310751700006, 27.651154957000074], [83.61106301700005, 27.649208644000055], [83.60574901600006, 27.64852577000005], [83.60167432900005, 27.64501658200004], [83.60060195400007, 27.642820207000057], [83.60112264100007, 27.641510770000025], [83.59988201700008, 27.639137895000033], [83.60035964100007, 27.637846332000038], [83.60243532900006, 27.637175395000042], [83.60297407800005, 27.636037395000074], [83.60158689200006, 27.63454189400005], [83.59895326700007, 27.63518645700003], [83.59723557900008, 27.634084832000042], [83.59777782900005, 27.632775395000067], [83.60002470400008, 27.63109408200006], [83.59859182900004, 27.629733832000056], [83.59670026600008, 27.62979602000007], [83.59495982900006, 27.630873957000063], [83.59382632900008, 27.62959352000007], [83.59507364100006, 27.626365957000075], [83.59123226600008, 27.625154270000053], [83.58879470400007, 27.625666082000066], [83.58920514100004, 27.623455957000033], [83.58720176600008, 27.620593332000055], [83.58366739100006, 27.619079957000054], [83.58437926600004, 27.617888520000065], [83.58327232900007, 27.61635977000003], [83.58109289200007, 27.617910144000064], [83.57887814100008, 27.616991832000053], [83.57656695400004, 27.617621145000044], [83.57523551700007, 27.61553433200004], [83.57387526700006, 27.610676520000027], [83.57551289200006, 27.604280020000033], [83.57636939200006, 27.60335970700004], [83.57548570400007, 27.601563144000067], [83.57669570400003, 27.600170082000034], [83.57781507900006, 27.597014457000057], [83.58207676600006, 27.593380894000063], [83.58131382900007, 27.59093933200006], [83.58241489100004, 27.589620394000065], [83.58388326600004, 27.59018214400004], [83.58462964100005, 27.58839726900004], [83.58429326600003, 27.585063457000047], [83.58255626700003, 27.58304320700006], [83.58286207900005, 27.57878164500005], [83.58264964100005, 27.57468551900007], [83.58898751600003, 27.573230957000078], [83.59138120400007, 27.57363739400006], [83.59226114100005, 27.575623457000063], [83.59650570400004, 27.57474227000006], [83.61183520300006, 27.572069144000068], [83.61167689200005, 27.576579457000037], [83.61234089100003, 27.578770020000036], [83.61504414200004, 27.577802769000073], [83.62055407900004, 27.577247020000073], [83.62127226700005, 27.579654394000045], [83.62134076700005, 27.582572207000055], [83.62613151600004, 27.583458457000063], [83.62948232900004, 27.58300708200005], [83.63124720300004, 27.58413551900003], [83.63226889100008, 27.58143952000006], [83.62748039100006, 27.580379707000077], [83.63150976700007, 27.577190769000026], [83.63314645400004, 27.578203769000027], [83.63400182900006, 27.574462520000054], [83.63234707800007, 27.57318101900006], [83.63303982800005, 27.570565332000058], [83.63098164100006, 27.568991582000024], [83.63016995400005, 27.56657276900006], [83.63467070300004, 27.565192394000064], [83.63541964100006, 27.56296726900007], [83.64158520400008, 27.561123957000063], [83.64782270400008, 27.558226769000044], [83.64906364200004, 27.55603208200006], [83.65150714200007, 27.55456927000006], [83.65389901700007, 27.554178082000078], [83.65525489200007, 27.554781707000075], [83.65690445400008, 27.551003895000065], [83.65960045400004, 27.546617144000038], [83.65883501600007, 27.544839457000023], [83.66134951700008, 27.543110332000026], [83.66357857900005, 27.542389144000026], [83.66418664100007, 27.540583207000054], [83.66625820400003, 27.540127832000053], [83.66651095300006, 27.541838894000023], [83.66210607900007, 27.545212957000047], [83.66339870400003, 27.547328207000078], [83.66367439200008, 27.550533082000072], [83.66564401600004, 27.554538582000077], [83.66435676600008, 27.556866395000043], [83.66666670400008, 27.559940769000036], [83.66863976600007, 27.563314457000047], [83.67081764100004, 27.560582582000052], [83.67512195400008, 27.560078144000045], [83.67603445400005, 27.558888894000063], [83.67475526700008, 27.556277394000062], [83.67625514100007, 27.554010832000074], [83.67795582900004, 27.555348395000067], [83.68004776600003, 27.55416402000003], [83.68295526600008, 27.555296707000025], [83.68551614100005, 27.55577189400003], [83.68626895400007, 27.55881308200003], [83.68498176700007, 27.559590895000042], [83.68826014200005, 27.565959331000045], [83.69000526600007, 27.567240394000066], [83.69063264100004, 27.570619770000064], [83.69211370400006, 27.572204769000052], [83.69396745400007, 27.572971644000063], [83.69913057900004, 27.57249102000003], [83.70220545400008, 27.573174582000036], [83.70388089100004, 27.57259827000007], [83.70384120400007, 27.568290519000072], [83.70137507900006, 27.562569582000037], [83.70193995400007, 27.56074301900003], [83.70112464200008, 27.556052269000077], [83.69894851700008, 27.554055082000048], [83.69679232900006, 27.548993582000037], [83.70324439200004, 27.546807457000057], [83.70541964100005, 27.548039582000058], [83.70631801600007, 27.549704520000034], [83.70854945400004, 27.550458395000078], [83.71046120400007, 27.550363082000047], [83.71132964100008, 27.551549582000064], [83.71006620300005, 27.553036207000048], [83.71116689200005, 27.554363082000066], [83.71137132900003, 27.55630183200003], [83.71302964100005, 27.55685127000004], [83.71444251600008, 27.55852851900005], [83.71391889200004, 27.560413895000067], [83.71607439100006, 27.56160526900004], [83.71657651600003, 27.563646145000064], [83.71883982900005, 27.56403658200003], [83.71902339200005, 27.565172019000045], [83.71798989100006, 27.56767908200004], [83.71979870400008, 27.57111939400005], [83.72238689200003, 27.573290832000055], [83.71904720400005, 27.577447332000077], [83.71976539100007, 27.57833558200008], [83.72361776700006, 27.578377144000058], [83.72461264100008, 27.57941939400007], [83.72418995400005, 27.58096652000006], [83.72645051600006, 27.58175620700007], [83.72422714100009, 27.58559914400007], [83.72537676700006, 27.58618583200007], [83.72837645400006, 27.585871332000067], [83.72881370400006, 27.58702070700008], [83.72746751600005, 27.588843582000038], [83.72771226700007, 27.589974582000025], [83.72945845400005, 27.59079483200003], [83.73080782900007, 27.592717707000077], [83.73065995400003, 27.59455195700008], [83.73252020400008, 27.594722519000072], [83.73331501700005, 27.596488582000063], [83.74124682900003, 27.60140020700004], [83.74276420400008, 27.601624145000073], [83.74512839200008, 27.60478308200004], [83.74735314200007, 27.60708876900003], [83.74979207900003, 27.60878326900007], [83.75040770400005, 27.610327832000053], [83.74930407900007, 27.615937707000057], [83.74921501600005, 27.622226332000025], [83.74949789200008, 27.627053457000045], [83.75004001600007, 27.629884020000077], [83.74947039100005, 27.637480520000054], [83.75043782900008, 27.642146395000054], [83.74986589100007, 27.649512832000028], [83.75027276600008, 27.651654894000046], [83.75037232900007, 27.659703832000048], [83.74897989100003, 27.66656327000004], [83.74683207900006, 27.66663383200006], [83.74433957900004, 27.66779358200006], [83.74280089100006, 27.669501082000068], [83.73530914100007, 27.66908758200003], [83.73338451700005, 27.67052577000004], [83.73095157900008, 27.671200269000053], [83.72906870400004, 27.67080402000005], [83.72722657900005, 27.672267082000076], [83.72249589100005, 27.669703394000067], [83.72098595400007, 27.666951957000038], [83.71939070400003, 27.665865645000054], [83.71794364100003, 27.663229457000057], [83.71632695400007, 27.662145270000053], [83.71407695300007, 27.661955644000045], [83.71162414200006, 27.660826832000055], [83.71014651600007, 27.65893733200005], [83.70793970400007, 27.65871164500004], [83.70675664100008, 27.66065870700004], [83.70506664100003, 27.66196833200007], [83.70363732900006, 27.661344770000028], [83.70158845400005, 27.662193332000072], [83.69732264100008, 27.661933582000074]]]}}]}